<?xml version="1.0" encoding="UTF-8"?>
<gpx version="1.1" creator="GPX Repair Studio Demo Generator" xmlns="http://www.topografix.com/GPX/1/1">
  <metadata>
    <name>QC Circle Morning Run (demo - 2 GPS gaps)</name>
    <time>2026-09-19T22:00:00.000Z</time>
  </metadata>
  <trk>
    <name>QC Circle Morning Run (demo - 2 GPS gaps)</name>
    <trkseg>
    <trkpt lat="14.648820" lon="121.037685"><ele>22.5</ele><time>2026-09-19T22:00:00.000Z</time></trkpt>
    <trkpt lat="14.648840" lon="121.037672"><ele>22.5</ele><time>2026-09-19T22:00:01.000Z</time></trkpt>
    <trkpt lat="14.648861" lon="121.037657"><ele>22.6</ele><time>2026-09-19T22:00:02.000Z</time></trkpt>
    <trkpt lat="14.648882" lon="121.037643"><ele>22.5</ele><time>2026-09-19T22:00:03.000Z</time></trkpt>
    <trkpt lat="14.648903" lon="121.037629"><ele>22.5</ele><time>2026-09-19T22:00:04.000Z</time></trkpt>
    <trkpt lat="14.648924" lon="121.037616"><ele>22.4</ele><time>2026-09-19T22:00:05.000Z</time></trkpt>
    <trkpt lat="14.648948" lon="121.037601"><ele>22.4</ele><time>2026-09-19T22:00:06.000Z</time></trkpt>
    <trkpt lat="14.648968" lon="121.037589"><ele>22.3</ele><time>2026-09-19T22:00:07.000Z</time></trkpt>
    <trkpt lat="14.648989" lon="121.037575"><ele>22.2</ele><time>2026-09-19T22:00:08.000Z</time></trkpt>
    <trkpt lat="14.649008" lon="121.037562"><ele>22.1</ele><time>2026-09-19T22:00:09.000Z</time></trkpt>
    <trkpt lat="14.649030" lon="121.037547"><ele>22.0</ele><time>2026-09-19T22:00:10.000Z</time></trkpt>
    <trkpt lat="14.649051" lon="121.037533"><ele>21.9</ele><time>2026-09-19T22:00:11.000Z</time></trkpt>
    <trkpt lat="14.649071" lon="121.037518"><ele>21.8</ele><time>2026-09-19T22:00:12.000Z</time></trkpt>
    <trkpt lat="14.649091" lon="121.037503"><ele>21.7</ele><time>2026-09-19T22:00:13.000Z</time></trkpt>
    <trkpt lat="14.649111" lon="121.037488"><ele>21.7</ele><time>2026-09-19T22:00:14.000Z</time></trkpt>
    <trkpt lat="14.649131" lon="121.037473"><ele>21.6</ele><time>2026-09-19T22:00:15.000Z</time></trkpt>
    <trkpt lat="14.649153" lon="121.037458"><ele>21.5</ele><time>2026-09-19T22:00:16.000Z</time></trkpt>
    <trkpt lat="14.649174" lon="121.037442"><ele>21.5</ele><time>2026-09-19T22:00:17.000Z</time></trkpt>
    <trkpt lat="14.649194" lon="121.037428"><ele>21.5</ele><time>2026-09-19T22:00:18.000Z</time></trkpt>
    <trkpt lat="14.649213" lon="121.037415"><ele>21.4</ele><time>2026-09-19T22:00:19.000Z</time></trkpt>
    <trkpt lat="14.649232" lon="121.037401"><ele>21.4</ele><time>2026-09-19T22:00:20.000Z</time></trkpt>
    <trkpt lat="14.649253" lon="121.037386"><ele>21.4</ele><time>2026-09-19T22:00:21.000Z</time></trkpt>
    <trkpt lat="14.649275" lon="121.037371"><ele>21.4</ele><time>2026-09-19T22:00:22.000Z</time></trkpt>
    <trkpt lat="14.649297" lon="121.037357"><ele>21.5</ele><time>2026-09-19T22:00:23.000Z</time></trkpt>
    <trkpt lat="14.649319" lon="121.037341"><ele>21.5</ele><time>2026-09-19T22:00:24.000Z</time></trkpt>
    <trkpt lat="14.649341" lon="121.037325"><ele>21.4</ele><time>2026-09-19T22:00:25.000Z</time></trkpt>
    <trkpt lat="14.649361" lon="121.037310"><ele>21.4</ele><time>2026-09-19T22:00:26.000Z</time></trkpt>
    <trkpt lat="14.649379" lon="121.037296"><ele>21.4</ele><time>2026-09-19T22:00:27.000Z</time></trkpt>
    <trkpt lat="14.649398" lon="121.037281"><ele>21.4</ele><time>2026-09-19T22:00:28.000Z</time></trkpt>
    <trkpt lat="14.649416" lon="121.037265"><ele>21.3</ele><time>2026-09-19T22:00:29.000Z</time></trkpt>
    <trkpt lat="14.649435" lon="121.037249"><ele>21.2</ele><time>2026-09-19T22:00:30.000Z</time></trkpt>
    <trkpt lat="14.649454" lon="121.037233"><ele>21.2</ele><time>2026-09-19T22:00:31.000Z</time></trkpt>
    <trkpt lat="14.649474" lon="121.037217"><ele>21.1</ele><time>2026-09-19T22:00:32.000Z</time></trkpt>
    <trkpt lat="14.649494" lon="121.037201"><ele>21.0</ele><time>2026-09-19T22:00:33.000Z</time></trkpt>
    <trkpt lat="14.649515" lon="121.037184"><ele>20.9</ele><time>2026-09-19T22:00:34.000Z</time></trkpt>
    <trkpt lat="14.649535" lon="121.037170"><ele>20.8</ele><time>2026-09-19T22:00:35.000Z</time></trkpt>
    <trkpt lat="14.649555" lon="121.037156"><ele>20.7</ele><time>2026-09-19T22:00:36.000Z</time></trkpt>
    <trkpt lat="14.649576" lon="121.037140"><ele>20.7</ele><time>2026-09-19T22:00:37.000Z</time></trkpt>
    <trkpt lat="14.649595" lon="121.037127"><ele>20.6</ele><time>2026-09-19T22:00:38.000Z</time></trkpt>
    <trkpt lat="14.649614" lon="121.037111"><ele>20.5</ele><time>2026-09-19T22:00:39.000Z</time></trkpt>
    <trkpt lat="14.649637" lon="121.037096"><ele>20.5</ele><time>2026-09-19T22:00:40.000Z</time></trkpt>
    <trkpt lat="14.649658" lon="121.037081"><ele>20.5</ele><time>2026-09-19T22:00:41.000Z</time></trkpt>
    <trkpt lat="14.649678" lon="121.037068"><ele>20.5</ele><time>2026-09-19T22:00:42.000Z</time></trkpt>
    <trkpt lat="14.649700" lon="121.037053"><ele>20.4</ele><time>2026-09-19T22:00:43.000Z</time></trkpt>
    <trkpt lat="14.649722" lon="121.037039"><ele>20.4</ele><time>2026-09-19T22:00:44.000Z</time></trkpt>
    <trkpt lat="14.649743" lon="121.037026"><ele>20.4</ele><time>2026-09-19T22:00:45.000Z</time></trkpt>
    <trkpt lat="14.649766" lon="121.037013"><ele>20.4</ele><time>2026-09-19T22:00:46.000Z</time></trkpt>
    <trkpt lat="14.649787" lon="121.037001"><ele>20.4</ele><time>2026-09-19T22:00:47.000Z</time></trkpt>
    <trkpt lat="14.649811" lon="121.036988"><ele>20.4</ele><time>2026-09-19T22:00:48.000Z</time></trkpt>
    <trkpt lat="14.649835" lon="121.036976"><ele>20.5</ele><time>2026-09-19T22:00:49.000Z</time></trkpt>
    <trkpt lat="14.649856" lon="121.036965"><ele>20.5</ele><time>2026-09-19T22:00:50.000Z</time></trkpt>
    <trkpt lat="14.649879" lon="121.036953"><ele>20.5</ele><time>2026-09-19T22:00:51.000Z</time></trkpt>
    <trkpt lat="14.649903" lon="121.036940"><ele>20.6</ele><time>2026-09-19T22:00:52.000Z</time></trkpt>
    <trkpt lat="14.649926" lon="121.036929"><ele>20.6</ele><time>2026-09-19T22:00:53.000Z</time></trkpt>
    <trkpt lat="14.649950" lon="121.036916"><ele>20.6</ele><time>2026-09-19T22:00:54.000Z</time></trkpt>
    <trkpt lat="14.649973" lon="121.036903"><ele>20.6</ele><time>2026-09-19T22:00:55.000Z</time></trkpt>
    <trkpt lat="14.649995" lon="121.036891"><ele>20.6</ele><time>2026-09-19T22:00:56.000Z</time></trkpt>
    <trkpt lat="14.650016" lon="121.036879"><ele>20.6</ele><time>2026-09-19T22:00:57.000Z</time></trkpt>
    <trkpt lat="14.650039" lon="121.036866"><ele>20.5</ele><time>2026-09-19T22:00:58.000Z</time></trkpt>
    <trkpt lat="14.650059" lon="121.036855"><ele>20.4</ele><time>2026-09-19T22:00:59.000Z</time></trkpt>
    <trkpt lat="14.650081" lon="121.036842"><ele>20.4</ele><time>2026-09-19T22:01:00.000Z</time></trkpt>
    <trkpt lat="14.650102" lon="121.036829"><ele>20.3</ele><time>2026-09-19T22:01:01.000Z</time></trkpt>
    <trkpt lat="14.650123" lon="121.036817"><ele>20.3</ele><time>2026-09-19T22:01:02.000Z</time></trkpt>
    <trkpt lat="14.650144" lon="121.036803"><ele>20.3</ele><time>2026-09-19T22:01:03.000Z</time></trkpt>
    <trkpt lat="14.650164" lon="121.036791"><ele>20.3</ele><time>2026-09-19T22:01:04.000Z</time></trkpt>
    <trkpt lat="14.650188" lon="121.036777"><ele>20.2</ele><time>2026-09-19T22:01:05.000Z</time></trkpt>
    <trkpt lat="14.650209" lon="121.036765"><ele>20.2</ele><time>2026-09-19T22:01:06.000Z</time></trkpt>
    <trkpt lat="14.650229" lon="121.036753"><ele>20.2</ele><time>2026-09-19T22:01:07.000Z</time></trkpt>
    <trkpt lat="14.650252" lon="121.036740"><ele>20.2</ele><time>2026-09-19T22:01:08.000Z</time></trkpt>
    <trkpt lat="14.650274" lon="121.036727"><ele>20.1</ele><time>2026-09-19T22:01:09.000Z</time></trkpt>
    <trkpt lat="14.650296" lon="121.036715"><ele>20.1</ele><time>2026-09-19T22:01:10.000Z</time></trkpt>
    <trkpt lat="14.650319" lon="121.036703"><ele>20.0</ele><time>2026-09-19T22:01:11.000Z</time></trkpt>
    <trkpt lat="14.650340" lon="121.036691"><ele>20.0</ele><time>2026-09-19T22:01:12.000Z</time></trkpt>
    <trkpt lat="14.650364" lon="121.036679"><ele>19.9</ele><time>2026-09-19T22:01:13.000Z</time></trkpt>
    <trkpt lat="14.650387" lon="121.036667"><ele>19.9</ele><time>2026-09-19T22:01:14.000Z</time></trkpt>
    <trkpt lat="14.650410" lon="121.036654"><ele>19.8</ele><time>2026-09-19T22:01:15.000Z</time></trkpt>
    <trkpt lat="14.650431" lon="121.036642"><ele>19.8</ele><time>2026-09-19T22:01:16.000Z</time></trkpt>
    <trkpt lat="14.650455" lon="121.036631"><ele>19.8</ele><time>2026-09-19T22:01:17.000Z</time></trkpt>
    <trkpt lat="14.650478" lon="121.036620"><ele>19.8</ele><time>2026-09-19T22:01:18.000Z</time></trkpt>
    <trkpt lat="14.650503" lon="121.036609"><ele>19.7</ele><time>2026-09-19T22:01:19.000Z</time></trkpt>
    <trkpt lat="14.650527" lon="121.036599"><ele>19.7</ele><time>2026-09-19T22:01:20.000Z</time></trkpt>
    <trkpt lat="14.650550" lon="121.036589"><ele>19.6</ele><time>2026-09-19T22:01:21.000Z</time></trkpt>
    <trkpt lat="14.650574" lon="121.036580"><ele>19.6</ele><time>2026-09-19T22:01:22.000Z</time></trkpt>
    <trkpt lat="14.650597" lon="121.036571"><ele>19.6</ele><time>2026-09-19T22:01:23.000Z</time></trkpt>
    <trkpt lat="14.650622" lon="121.036562"><ele>19.7</ele><time>2026-09-19T22:01:24.000Z</time></trkpt>
    <trkpt lat="14.650644" lon="121.036554"><ele>19.7</ele><time>2026-09-19T22:01:25.000Z</time></trkpt>
    <trkpt lat="14.650666" lon="121.036547"><ele>19.8</ele><time>2026-09-19T22:01:26.000Z</time></trkpt>
    <trkpt lat="14.650691" lon="121.036538"><ele>19.8</ele><time>2026-09-19T22:01:27.000Z</time></trkpt>
    <trkpt lat="14.650713" lon="121.036530"><ele>19.9</ele><time>2026-09-19T22:01:28.000Z</time></trkpt>
    <trkpt lat="14.650736" lon="121.036522"><ele>19.9</ele><time>2026-09-19T22:01:29.000Z</time></trkpt>
    <trkpt lat="14.650760" lon="121.036513"><ele>20.0</ele><time>2026-09-19T22:01:30.000Z</time></trkpt>
    <trkpt lat="14.650783" lon="121.036504"><ele>20.0</ele><time>2026-09-19T22:01:31.000Z</time></trkpt>
    <trkpt lat="14.650806" lon="121.036496"><ele>20.1</ele><time>2026-09-19T22:01:32.000Z</time></trkpt>
    <trkpt lat="14.650829" lon="121.036488"><ele>20.2</ele><time>2026-09-19T22:01:33.000Z</time></trkpt>
    <trkpt lat="14.650853" lon="121.036480"><ele>20.2</ele><time>2026-09-19T22:01:34.000Z</time></trkpt>
    <trkpt lat="14.650879" lon="121.036473"><ele>20.3</ele><time>2026-09-19T22:01:35.000Z</time></trkpt>
    <trkpt lat="14.650902" lon="121.036466"><ele>20.4</ele><time>2026-09-19T22:01:36.000Z</time></trkpt>
    <trkpt lat="14.650927" lon="121.036458"><ele>20.5</ele><time>2026-09-19T22:01:37.000Z</time></trkpt>
    <trkpt lat="14.650953" lon="121.036451"><ele>20.6</ele><time>2026-09-19T22:01:38.000Z</time></trkpt>
    <trkpt lat="14.650977" lon="121.036445"><ele>20.6</ele><time>2026-09-19T22:01:39.000Z</time></trkpt>
    <trkpt lat="14.651000" lon="121.036439"><ele>20.7</ele><time>2026-09-19T22:01:40.000Z</time></trkpt>
    <trkpt lat="14.651023" lon="121.036433"><ele>20.8</ele><time>2026-09-19T22:01:41.000Z</time></trkpt>
    <trkpt lat="14.651046" lon="121.036427"><ele>20.8</ele><time>2026-09-19T22:01:42.000Z</time></trkpt>
    <trkpt lat="14.651070" lon="121.036419"><ele>20.8</ele><time>2026-09-19T22:01:43.000Z</time></trkpt>
    <trkpt lat="14.651093" lon="121.036410"><ele>20.8</ele><time>2026-09-19T22:01:44.000Z</time></trkpt>
    <trkpt lat="14.651116" lon="121.036402"><ele>20.8</ele><time>2026-09-19T22:01:45.000Z</time></trkpt>
    <trkpt lat="14.651139" lon="121.036396"><ele>20.8</ele><time>2026-09-19T22:01:46.000Z</time></trkpt>
    <trkpt lat="14.651163" lon="121.036388"><ele>20.8</ele><time>2026-09-19T22:01:47.000Z</time></trkpt>
    <trkpt lat="14.651187" lon="121.036380"><ele>20.8</ele><time>2026-09-19T22:01:48.000Z</time></trkpt>
    <trkpt lat="14.651211" lon="121.036373"><ele>20.8</ele><time>2026-09-19T22:01:49.000Z</time></trkpt>
    <trkpt lat="14.651235" lon="121.036365"><ele>20.8</ele><time>2026-09-19T22:01:50.000Z</time></trkpt>
    <trkpt lat="14.651259" lon="121.036357"><ele>20.8</ele><time>2026-09-19T22:01:51.000Z</time></trkpt>
    <trkpt lat="14.651284" lon="121.036348"><ele>20.8</ele><time>2026-09-19T22:01:52.000Z</time></trkpt>
    <trkpt lat="14.651308" lon="121.036339"><ele>20.7</ele><time>2026-09-19T22:01:53.000Z</time></trkpt>
    <trkpt lat="14.651333" lon="121.036330"><ele>20.7</ele><time>2026-09-19T22:01:54.000Z</time></trkpt>
    <trkpt lat="14.651358" lon="121.036321"><ele>20.7</ele><time>2026-09-19T22:01:55.000Z</time></trkpt>
    <trkpt lat="14.651384" lon="121.036312"><ele>20.7</ele><time>2026-09-19T22:01:56.000Z</time></trkpt>
    <trkpt lat="14.651407" lon="121.036303"><ele>20.7</ele><time>2026-09-19T22:01:57.000Z</time></trkpt>
    <trkpt lat="14.651431" lon="121.036294"><ele>20.7</ele><time>2026-09-19T22:01:58.000Z</time></trkpt>
    <trkpt lat="14.651455" lon="121.036284"><ele>20.6</ele><time>2026-09-19T22:01:59.000Z</time></trkpt>
    <trkpt lat="14.651479" lon="121.036274"><ele>20.5</ele><time>2026-09-19T22:02:00.000Z</time></trkpt>
    <trkpt lat="14.651503" lon="121.036263"><ele>20.5</ele><time>2026-09-19T22:02:01.000Z</time></trkpt>
    <trkpt lat="14.651528" lon="121.036253"><ele>20.5</ele><time>2026-09-19T22:02:02.000Z</time></trkpt>
    <trkpt lat="14.651553" lon="121.036242"><ele>20.5</ele><time>2026-09-19T22:02:03.000Z</time></trkpt>
    <trkpt lat="14.651576" lon="121.036231"><ele>20.5</ele><time>2026-09-19T22:02:04.000Z</time></trkpt>
    <trkpt lat="14.651600" lon="121.036220"><ele>20.6</ele><time>2026-09-19T22:02:05.000Z</time></trkpt>
    <trkpt lat="14.651624" lon="121.036208"><ele>20.6</ele><time>2026-09-19T22:02:06.000Z</time></trkpt>
    <trkpt lat="14.651647" lon="121.036197"><ele>20.6</ele><time>2026-09-19T22:02:07.000Z</time></trkpt>
    <trkpt lat="14.651670" lon="121.036185"><ele>20.6</ele><time>2026-09-19T22:02:08.000Z</time></trkpt>
    <trkpt lat="14.651693" lon="121.036175"><ele>20.6</ele><time>2026-09-19T22:02:09.000Z</time></trkpt>
    <trkpt lat="14.651714" lon="121.036164"><ele>20.5</ele><time>2026-09-19T22:02:10.000Z</time></trkpt>
    <trkpt lat="14.651735" lon="121.036154"><ele>20.5</ele><time>2026-09-19T22:02:11.000Z</time></trkpt>
    <trkpt lat="14.651759" lon="121.036145"><ele>20.5</ele><time>2026-09-19T22:02:12.000Z</time></trkpt>
    <trkpt lat="14.651783" lon="121.036134"><ele>20.5</ele><time>2026-09-19T22:02:13.000Z</time></trkpt>
    <trkpt lat="14.651807" lon="121.036125"><ele>20.5</ele><time>2026-09-19T22:02:14.000Z</time></trkpt>
    <trkpt lat="14.651831" lon="121.036114"><ele>20.5</ele><time>2026-09-19T22:02:15.000Z</time></trkpt>
    <trkpt lat="14.651855" lon="121.036102"><ele>20.5</ele><time>2026-09-19T22:02:16.000Z</time></trkpt>
    <trkpt lat="14.651878" lon="121.036090"><ele>20.5</ele><time>2026-09-19T22:02:17.000Z</time></trkpt>
    <trkpt lat="14.651901" lon="121.036078"><ele>20.5</ele><time>2026-09-19T22:02:18.000Z</time></trkpt>
    <trkpt lat="14.651922" lon="121.036067"><ele>20.4</ele><time>2026-09-19T22:02:19.000Z</time></trkpt>
    <trkpt lat="14.651946" lon="121.036055"><ele>20.3</ele><time>2026-09-19T22:02:20.000Z</time></trkpt>
    <trkpt lat="14.651970" lon="121.036044"><ele>20.2</ele><time>2026-09-19T22:02:21.000Z</time></trkpt>
    <trkpt lat="14.651992" lon="121.036034"><ele>20.2</ele><time>2026-09-19T22:02:22.000Z</time></trkpt>
    <trkpt lat="14.652015" lon="121.036024"><ele>20.1</ele><time>2026-09-19T22:02:23.000Z</time></trkpt>
    <trkpt lat="14.652039" lon="121.036012"><ele>20.0</ele><time>2026-09-19T22:02:24.000Z</time></trkpt>
    <trkpt lat="14.652064" lon="121.036001"><ele>19.9</ele><time>2026-09-19T22:02:25.000Z</time></trkpt>
    <trkpt lat="14.652087" lon="121.035990"><ele>19.8</ele><time>2026-09-19T22:02:26.000Z</time></trkpt>
    <trkpt lat="14.652111" lon="121.035978"><ele>19.7</ele><time>2026-09-19T22:02:27.000Z</time></trkpt>
    <trkpt lat="14.652133" lon="121.035968"><ele>19.7</ele><time>2026-09-19T22:02:28.000Z</time></trkpt>
    <trkpt lat="14.652155" lon="121.035959"><ele>19.6</ele><time>2026-09-19T22:02:29.000Z</time></trkpt>
    <trkpt lat="14.652177" lon="121.035950"><ele>19.5</ele><time>2026-09-19T22:02:30.000Z</time></trkpt>
    <trkpt lat="14.652201" lon="121.035942"><ele>19.4</ele><time>2026-09-19T22:02:31.000Z</time></trkpt>
    <trkpt lat="14.652227" lon="121.035934"><ele>19.3</ele><time>2026-09-19T22:02:32.000Z</time></trkpt>
    <trkpt lat="14.652252" lon="121.035926"><ele>19.2</ele><time>2026-09-19T22:02:33.000Z</time></trkpt>
    <trkpt lat="14.652275" lon="121.035918"><ele>19.1</ele><time>2026-09-19T22:02:34.000Z</time></trkpt>
    <trkpt lat="14.652298" lon="121.035910"><ele>19.0</ele><time>2026-09-19T22:02:35.000Z</time></trkpt>
    <trkpt lat="14.652321" lon="121.035902"><ele>19.0</ele><time>2026-09-19T22:02:36.000Z</time></trkpt>
    <trkpt lat="14.652347" lon="121.035892"><ele>19.0</ele><time>2026-09-19T22:02:37.000Z</time></trkpt>
    <trkpt lat="14.652369" lon="121.035883"><ele>18.9</ele><time>2026-09-19T22:02:38.000Z</time></trkpt>
    <trkpt lat="14.652394" lon="121.035874"><ele>18.9</ele><time>2026-09-19T22:02:39.000Z</time></trkpt>
    <trkpt lat="14.652416" lon="121.035866"><ele>18.9</ele><time>2026-09-19T22:02:40.000Z</time></trkpt>
    <trkpt lat="14.652439" lon="121.035858"><ele>18.9</ele><time>2026-09-19T22:02:41.000Z</time></trkpt>
    <trkpt lat="14.652463" lon="121.035850"><ele>18.9</ele><time>2026-09-19T22:02:42.000Z</time></trkpt>
    <trkpt lat="14.652489" lon="121.035842"><ele>18.9</ele><time>2026-09-19T22:02:43.000Z</time></trkpt>
    <trkpt lat="14.652513" lon="121.035833"><ele>19.0</ele><time>2026-09-19T22:02:44.000Z</time></trkpt>
    <trkpt lat="14.652535" lon="121.035825"><ele>19.1</ele><time>2026-09-19T22:02:45.000Z</time></trkpt>
    <trkpt lat="14.652559" lon="121.035815"><ele>19.1</ele><time>2026-09-19T22:02:46.000Z</time></trkpt>
    <trkpt lat="14.652583" lon="121.035806"><ele>19.2</ele><time>2026-09-19T22:02:47.000Z</time></trkpt>
    <trkpt lat="14.652604" lon="121.035798"><ele>19.2</ele><time>2026-09-19T22:02:48.000Z</time></trkpt>
    <trkpt lat="14.652628" lon="121.035789"><ele>19.2</ele><time>2026-09-19T22:02:49.000Z</time></trkpt>
    <trkpt lat="14.652651" lon="121.035779"><ele>19.2</ele><time>2026-09-19T22:02:50.000Z</time></trkpt>
    <trkpt lat="14.652676" lon="121.035768"><ele>19.2</ele><time>2026-09-19T22:02:51.000Z</time></trkpt>
    <trkpt lat="14.652698" lon="121.035757"><ele>19.3</ele><time>2026-09-19T22:02:52.000Z</time></trkpt>
    <trkpt lat="14.652719" lon="121.035746"><ele>19.3</ele><time>2026-09-19T22:02:53.000Z</time></trkpt>
    <trkpt lat="14.652741" lon="121.035735"><ele>19.3</ele><time>2026-09-19T22:02:54.000Z</time></trkpt>
    <trkpt lat="14.652762" lon="121.035723"><ele>19.4</ele><time>2026-09-19T22:02:55.000Z</time></trkpt>
    <trkpt lat="14.652784" lon="121.035712"><ele>19.4</ele><time>2026-09-19T22:02:56.000Z</time></trkpt>
    <trkpt lat="14.652807" lon="121.035699"><ele>19.4</ele><time>2026-09-19T22:02:57.000Z</time></trkpt>
    <trkpt lat="14.652830" lon="121.035687"><ele>19.5</ele><time>2026-09-19T22:02:58.000Z</time></trkpt>
    <trkpt lat="14.652853" lon="121.035675"><ele>19.5</ele><time>2026-09-19T22:02:59.000Z</time></trkpt>
    <trkpt lat="14.652874" lon="121.035665"><ele>19.5</ele><time>2026-09-19T22:03:00.000Z</time></trkpt>
    <trkpt lat="14.652896" lon="121.035654"><ele>19.5</ele><time>2026-09-19T22:03:01.000Z</time></trkpt>
    <trkpt lat="14.652917" lon="121.035644"><ele>19.5</ele><time>2026-09-19T22:03:02.000Z</time></trkpt>
    <trkpt lat="14.652939" lon="121.035634"><ele>19.5</ele><time>2026-09-19T22:03:03.000Z</time></trkpt>
    <trkpt lat="14.652961" lon="121.035624"><ele>19.5</ele><time>2026-09-19T22:03:04.000Z</time></trkpt>
    <trkpt lat="14.652984" lon="121.035613"><ele>19.5</ele><time>2026-09-19T22:03:05.000Z</time></trkpt>
    <trkpt lat="14.653005" lon="121.035602"><ele>19.5</ele><time>2026-09-19T22:03:06.000Z</time></trkpt>
    <trkpt lat="14.653028" lon="121.035592"><ele>19.5</ele><time>2026-09-19T22:03:07.000Z</time></trkpt>
    <trkpt lat="14.653049" lon="121.035582"><ele>19.5</ele><time>2026-09-19T22:03:08.000Z</time></trkpt>
    <trkpt lat="14.653073" lon="121.035570"><ele>19.5</ele><time>2026-09-19T22:03:09.000Z</time></trkpt>
    <trkpt lat="14.653097" lon="121.035558"><ele>19.6</ele><time>2026-09-19T22:03:10.000Z</time></trkpt>
    <trkpt lat="14.653120" lon="121.035546"><ele>19.6</ele><time>2026-09-19T22:03:11.000Z</time></trkpt>
    <trkpt lat="14.653142" lon="121.035534"><ele>19.6</ele><time>2026-09-19T22:03:12.000Z</time></trkpt>
    <trkpt lat="14.653163" lon="121.035524"><ele>19.6</ele><time>2026-09-19T22:03:13.000Z</time></trkpt>
    <trkpt lat="14.653185" lon="121.035512"><ele>19.7</ele><time>2026-09-19T22:03:14.000Z</time></trkpt>
    <trkpt lat="14.653207" lon="121.035500"><ele>19.7</ele><time>2026-09-19T22:03:15.000Z</time></trkpt>
    <trkpt lat="14.653229" lon="121.035487"><ele>19.7</ele><time>2026-09-19T22:03:16.000Z</time></trkpt>
    <trkpt lat="14.653251" lon="121.035474"><ele>19.7</ele><time>2026-09-19T22:03:17.000Z</time></trkpt>
    <trkpt lat="14.653274" lon="121.035460"><ele>19.8</ele><time>2026-09-19T22:03:18.000Z</time></trkpt>
    <trkpt lat="14.653297" lon="121.035446"><ele>19.8</ele><time>2026-09-19T22:03:19.000Z</time></trkpt>
    <trkpt lat="14.653319" lon="121.035432"><ele>19.8</ele><time>2026-09-19T22:03:20.000Z</time></trkpt>
    <trkpt lat="14.653341" lon="121.035417"><ele>19.8</ele><time>2026-09-19T22:03:21.000Z</time></trkpt>
    <trkpt lat="14.653364" lon="121.035404"><ele>19.8</ele><time>2026-09-19T22:03:22.000Z</time></trkpt>
    <trkpt lat="14.653385" lon="121.035391"><ele>19.8</ele><time>2026-09-19T22:03:23.000Z</time></trkpt>
    <trkpt lat="14.653409" lon="121.035377"><ele>19.9</ele><time>2026-09-19T22:03:24.000Z</time></trkpt>
    <trkpt lat="14.653430" lon="121.035363"><ele>20.0</ele><time>2026-09-19T22:03:25.000Z</time></trkpt>
    <trkpt lat="14.653452" lon="121.035350"><ele>20.0</ele><time>2026-09-19T22:03:26.000Z</time></trkpt>
    <trkpt lat="14.653473" lon="121.035335"><ele>20.2</ele><time>2026-09-19T22:03:27.000Z</time></trkpt>
    <trkpt lat="14.653493" lon="121.035321"><ele>20.3</ele><time>2026-09-19T22:03:28.000Z</time></trkpt>
    <trkpt lat="14.653512" lon="121.035308"><ele>20.4</ele><time>2026-09-19T22:03:29.000Z</time></trkpt>
    <trkpt lat="14.653532" lon="121.035295"><ele>20.5</ele><time>2026-09-19T22:03:30.000Z</time></trkpt>
    <trkpt lat="14.653554" lon="121.035281"><ele>20.6</ele><time>2026-09-19T22:03:31.000Z</time></trkpt>
    <trkpt lat="14.653577" lon="121.035267"><ele>20.6</ele><time>2026-09-19T22:03:32.000Z</time></trkpt>
    <trkpt lat="14.653597" lon="121.035254"><ele>20.6</ele><time>2026-09-19T22:03:33.000Z</time></trkpt>
    <trkpt lat="14.653617" lon="121.035241"><ele>20.6</ele><time>2026-09-19T22:03:34.000Z</time></trkpt>
    <trkpt lat="14.653637" lon="121.035228"><ele>20.6</ele><time>2026-09-19T22:03:35.000Z</time></trkpt>
    <trkpt lat="14.653660" lon="121.035213"><ele>20.6</ele><time>2026-09-19T22:03:36.000Z</time></trkpt>
    <trkpt lat="14.653681" lon="121.035200"><ele>20.6</ele><time>2026-09-19T22:03:37.000Z</time></trkpt>
    <trkpt lat="14.653700" lon="121.035187"><ele>20.5</ele><time>2026-09-19T22:03:38.000Z</time></trkpt>
    <trkpt lat="14.653723" lon="121.035172"><ele>20.5</ele><time>2026-09-19T22:03:39.000Z</time></trkpt>
    <trkpt lat="14.653742" lon="121.035159"><ele>20.4</ele><time>2026-09-19T22:03:40.000Z</time></trkpt>
    <trkpt lat="14.653763" lon="121.035144"><ele>20.4</ele><time>2026-09-19T22:03:41.000Z</time></trkpt>
    <trkpt lat="14.653785" lon="121.035130"><ele>20.4</ele><time>2026-09-19T22:03:42.000Z</time></trkpt>
    <trkpt lat="14.653807" lon="121.035114"><ele>20.5</ele><time>2026-09-19T22:03:43.000Z</time></trkpt>
    <trkpt lat="14.653826" lon="121.035100"><ele>20.5</ele><time>2026-09-19T22:03:44.000Z</time></trkpt>
    <trkpt lat="14.653847" lon="121.035084"><ele>20.5</ele><time>2026-09-19T22:03:45.000Z</time></trkpt>
    <trkpt lat="14.653867" lon="121.035070"><ele>20.5</ele><time>2026-09-19T22:03:46.000Z</time></trkpt>
    <trkpt lat="14.653888" lon="121.035056"><ele>20.5</ele><time>2026-09-19T22:03:47.000Z</time></trkpt>
    <trkpt lat="14.653907" lon="121.035042"><ele>20.6</ele><time>2026-09-19T22:03:48.000Z</time></trkpt>
    <trkpt lat="14.653927" lon="121.035027"><ele>20.6</ele><time>2026-09-19T22:03:49.000Z</time></trkpt>
    <trkpt lat="14.653949" lon="121.035011"><ele>20.6</ele><time>2026-09-19T22:03:50.000Z</time></trkpt>
    <trkpt lat="14.653971" lon="121.034996"><ele>20.6</ele><time>2026-09-19T22:03:51.000Z</time></trkpt>
    <trkpt lat="14.653990" lon="121.034982"><ele>20.6</ele><time>2026-09-19T22:03:52.000Z</time></trkpt>
    <trkpt lat="14.654011" lon="121.034965"><ele>20.6</ele><time>2026-09-19T22:03:53.000Z</time></trkpt>
    <trkpt lat="14.654034" lon="121.034949"><ele>20.6</ele><time>2026-09-19T22:03:54.000Z</time></trkpt>
    <trkpt lat="14.654053" lon="121.034936"><ele>20.6</ele><time>2026-09-19T22:03:55.000Z</time></trkpt>
    <trkpt lat="14.654074" lon="121.034921"><ele>20.5</ele><time>2026-09-19T22:03:56.000Z</time></trkpt>
    <trkpt lat="14.654093" lon="121.034906"><ele>20.5</ele><time>2026-09-19T22:03:57.000Z</time></trkpt>
    <trkpt lat="14.654116" lon="121.034890"><ele>20.4</ele><time>2026-09-19T22:03:58.000Z</time></trkpt>
    <trkpt lat="14.654135" lon="121.034875"><ele>20.4</ele><time>2026-09-19T22:03:59.000Z</time></trkpt>
    <trkpt lat="14.654154" lon="121.034860"><ele>20.3</ele><time>2026-09-19T22:04:00.000Z</time></trkpt>
    <trkpt lat="14.654175" lon="121.034843"><ele>20.2</ele><time>2026-09-19T22:04:01.000Z</time></trkpt>
    <trkpt lat="14.654195" lon="121.034826"><ele>20.1</ele><time>2026-09-19T22:04:02.000Z</time></trkpt>
    <trkpt lat="14.654216" lon="121.034810"><ele>20.0</ele><time>2026-09-19T22:04:03.000Z</time></trkpt>
    <trkpt lat="14.654237" lon="121.034793"><ele>20.0</ele><time>2026-09-19T22:04:04.000Z</time></trkpt>
    <trkpt lat="14.654258" lon="121.034777"><ele>19.9</ele><time>2026-09-19T22:04:05.000Z</time></trkpt>
    <trkpt lat="14.654278" lon="121.034763"><ele>19.8</ele><time>2026-09-19T22:04:06.000Z</time></trkpt>
    <trkpt lat="14.654298" lon="121.034749"><ele>19.8</ele><time>2026-09-19T22:04:07.000Z</time></trkpt>
    <trkpt lat="14.654319" lon="121.034735"><ele>19.8</ele><time>2026-09-19T22:04:08.000Z</time></trkpt>
    <trkpt lat="14.654339" lon="121.034721"><ele>19.8</ele><time>2026-09-19T22:04:09.000Z</time></trkpt>
    <trkpt lat="14.654360" lon="121.034707"><ele>19.8</ele><time>2026-09-19T22:04:10.000Z</time></trkpt>
    <trkpt lat="14.654379" lon="121.034693"><ele>19.9</ele><time>2026-09-19T22:04:11.000Z</time></trkpt>
    <trkpt lat="14.654399" lon="121.034680"><ele>20.0</ele><time>2026-09-19T22:04:12.000Z</time></trkpt>
    <trkpt lat="14.654419" lon="121.034667"><ele>20.1</ele><time>2026-09-19T22:04:13.000Z</time></trkpt>
    <trkpt lat="14.654441" lon="121.034652"><ele>20.2</ele><time>2026-09-19T22:04:14.000Z</time></trkpt>
    <trkpt lat="14.654464" lon="121.034636"><ele>20.3</ele><time>2026-09-19T22:04:15.000Z</time></trkpt>
    <trkpt lat="14.654486" lon="121.034621"><ele>20.4</ele><time>2026-09-19T22:04:16.000Z</time></trkpt>
    <trkpt lat="14.654507" lon="121.034608"><ele>20.4</ele><time>2026-09-19T22:04:17.000Z</time></trkpt>
    <trkpt lat="14.654527" lon="121.034595"><ele>20.4</ele><time>2026-09-19T22:04:18.000Z</time></trkpt>
    <trkpt lat="14.654547" lon="121.034581"><ele>20.5</ele><time>2026-09-19T22:04:19.000Z</time></trkpt>
    <trkpt lat="14.654570" lon="121.034566"><ele>20.5</ele><time>2026-09-19T22:04:20.000Z</time></trkpt>
    <trkpt lat="14.654591" lon="121.034554"><ele>20.5</ele><time>2026-09-19T22:04:21.000Z</time></trkpt>
    <trkpt lat="14.654611" lon="121.034541"><ele>20.4</ele><time>2026-09-19T22:04:22.000Z</time></trkpt>
    <trkpt lat="14.654632" lon="121.034526"><ele>20.4</ele><time>2026-09-19T22:04:23.000Z</time></trkpt>
    <trkpt lat="14.654653" lon="121.034512"><ele>20.3</ele><time>2026-09-19T22:04:24.000Z</time></trkpt>
    <trkpt lat="14.654675" lon="121.034496"><ele>20.3</ele><time>2026-09-19T22:04:25.000Z</time></trkpt>
    <trkpt lat="14.654694" lon="121.034482"><ele>20.3</ele><time>2026-09-19T22:04:26.000Z</time></trkpt>
    <trkpt lat="14.654716" lon="121.034467"><ele>20.3</ele><time>2026-09-19T22:04:27.000Z</time></trkpt>
    <trkpt lat="14.654735" lon="121.034453"><ele>20.2</ele><time>2026-09-19T22:04:28.000Z</time></trkpt>
    <trkpt lat="14.654757" lon="121.034436"><ele>20.2</ele><time>2026-09-19T22:04:29.000Z</time></trkpt>
    <trkpt lat="14.654777" lon="121.034422"><ele>20.2</ele><time>2026-09-19T22:04:30.000Z</time></trkpt>
    <trkpt lat="14.654798" lon="121.034407"><ele>20.2</ele><time>2026-09-19T22:04:31.000Z</time></trkpt>
    <trkpt lat="14.654820" lon="121.034394"><ele>20.2</ele><time>2026-09-19T22:04:32.000Z</time></trkpt>
    <trkpt lat="14.654840" lon="121.034380"><ele>20.1</ele><time>2026-09-19T22:04:33.000Z</time></trkpt>
    <trkpt lat="14.654860" lon="121.034367"><ele>20.0</ele><time>2026-09-19T22:04:34.000Z</time></trkpt>
    <trkpt lat="14.654881" lon="121.034354"><ele>20.0</ele><time>2026-09-19T22:04:35.000Z</time></trkpt>
    <trkpt lat="14.654905" lon="121.034340"><ele>19.9</ele><time>2026-09-19T22:04:36.000Z</time></trkpt>
    <trkpt lat="14.654928" lon="121.034328"><ele>19.9</ele><time>2026-09-19T22:04:37.000Z</time></trkpt>
    <trkpt lat="14.654952" lon="121.034315"><ele>19.8</ele><time>2026-09-19T22:04:38.000Z</time></trkpt>
    <trkpt lat="14.654975" lon="121.034303"><ele>19.8</ele><time>2026-09-19T22:04:39.000Z</time></trkpt>
    <trkpt lat="14.654997" lon="121.034290"><ele>19.7</ele><time>2026-09-19T22:04:40.000Z</time></trkpt>
    <trkpt lat="14.655019" lon="121.034278"><ele>19.7</ele><time>2026-09-19T22:04:41.000Z</time></trkpt>
    <trkpt lat="14.655041" lon="121.034267"><ele>19.7</ele><time>2026-09-19T22:04:42.000Z</time></trkpt>
    <trkpt lat="14.655063" lon="121.034255"><ele>19.7</ele><time>2026-09-19T22:04:43.000Z</time></trkpt>
    <trkpt lat="14.655087" lon="121.034243"><ele>19.7</ele><time>2026-09-19T22:04:44.000Z</time></trkpt>
    <trkpt lat="14.655109" lon="121.034232"><ele>19.7</ele><time>2026-09-19T22:04:45.000Z</time></trkpt>
    <trkpt lat="14.655133" lon="121.034221"><ele>19.7</ele><time>2026-09-19T22:04:46.000Z</time></trkpt>
    <trkpt lat="14.655157" lon="121.034211"><ele>19.8</ele><time>2026-09-19T22:04:47.000Z</time></trkpt>
    <trkpt lat="14.655182" lon="121.034200"><ele>19.8</ele><time>2026-09-19T22:04:48.000Z</time></trkpt>
    <trkpt lat="14.655205" lon="121.034191"><ele>19.8</ele><time>2026-09-19T22:04:49.000Z</time></trkpt>
    <trkpt lat="14.655227" lon="121.034182"><ele>19.9</ele><time>2026-09-19T22:04:50.000Z</time></trkpt>
    <trkpt lat="14.655253" lon="121.034171"><ele>19.9</ele><time>2026-09-19T22:04:51.000Z</time></trkpt>
    <trkpt lat="14.655278" lon="121.034162"><ele>20.0</ele><time>2026-09-19T22:04:52.000Z</time></trkpt>
    <trkpt lat="14.655300" lon="121.034154"><ele>20.0</ele><time>2026-09-19T22:04:53.000Z</time></trkpt>
    <trkpt lat="14.655323" lon="121.034145"><ele>20.1</ele><time>2026-09-19T22:04:54.000Z</time></trkpt>
    <trkpt lat="14.655345" lon="121.034138"><ele>20.1</ele><time>2026-09-19T22:04:55.000Z</time></trkpt>
    <trkpt lat="14.655370" lon="121.034128"><ele>20.1</ele><time>2026-09-19T22:04:56.000Z</time></trkpt>
    <trkpt lat="14.655393" lon="121.034119"><ele>20.2</ele><time>2026-09-19T22:04:57.000Z</time></trkpt>
    <trkpt lat="14.655417" lon="121.034110"><ele>20.2</ele><time>2026-09-19T22:04:58.000Z</time></trkpt>
    <trkpt lat="14.655440" lon="121.034101"><ele>20.2</ele><time>2026-09-19T22:04:59.000Z</time></trkpt>
    <trkpt lat="14.655465" lon="121.034093"><ele>20.1</ele><time>2026-09-19T22:05:00.000Z</time></trkpt>
    <trkpt lat="14.655489" lon="121.034085"><ele>20.0</ele><time>2026-09-19T22:05:01.000Z</time></trkpt>
    <trkpt lat="14.655515" lon="121.034076"><ele>20.0</ele><time>2026-09-19T22:05:02.000Z</time></trkpt>
    <trkpt lat="14.655539" lon="121.034070"><ele>20.0</ele><time>2026-09-19T22:05:03.000Z</time></trkpt>
    <trkpt lat="14.655563" lon="121.034063"><ele>20.0</ele><time>2026-09-19T22:05:04.000Z</time></trkpt>
    <trkpt lat="14.655585" lon="121.034058"><ele>19.9</ele><time>2026-09-19T22:05:05.000Z</time></trkpt>
    <trkpt lat="14.655611" lon="121.034052"><ele>19.8</ele><time>2026-09-19T22:05:06.000Z</time></trkpt>
    <trkpt lat="14.655637" lon="121.034046"><ele>19.8</ele><time>2026-09-19T22:05:07.000Z</time></trkpt>
    <trkpt lat="14.655662" lon="121.034040"><ele>19.8</ele><time>2026-09-19T22:05:08.000Z</time></trkpt>
    <trkpt lat="14.655689" lon="121.034035"><ele>19.8</ele><time>2026-09-19T22:05:09.000Z</time></trkpt>
    <trkpt lat="14.655712" lon="121.034030"><ele>19.7</ele><time>2026-09-19T22:05:10.000Z</time></trkpt>
    <trkpt lat="14.655736" lon="121.034024"><ele>19.7</ele><time>2026-09-19T22:05:11.000Z</time></trkpt>
    <trkpt lat="14.655762" lon="121.034019"><ele>19.7</ele><time>2026-09-19T22:05:12.000Z</time></trkpt>
    <trkpt lat="14.655788" lon="121.034014"><ele>19.7</ele><time>2026-09-19T22:05:13.000Z</time></trkpt>
    <trkpt lat="14.655814" lon="121.034008"><ele>19.8</ele><time>2026-09-19T22:05:14.000Z</time></trkpt>
    <trkpt lat="14.655838" lon="121.034004"><ele>19.8</ele><time>2026-09-19T22:05:15.000Z</time></trkpt>
    <trkpt lat="14.655861" lon="121.034000"><ele>19.8</ele><time>2026-09-19T22:05:16.000Z</time></trkpt>
    <trkpt lat="14.655884" lon="121.033995"><ele>19.8</ele><time>2026-09-19T22:05:17.000Z</time></trkpt>
    <trkpt lat="14.655909" lon="121.033988"><ele>19.8</ele><time>2026-09-19T22:05:18.000Z</time></trkpt>
    <trkpt lat="14.655936" lon="121.033983"><ele>19.8</ele><time>2026-09-19T22:05:19.000Z</time></trkpt>
    <trkpt lat="14.655959" lon="121.033978"><ele>19.8</ele><time>2026-09-19T22:05:20.000Z</time></trkpt>
    <trkpt lat="14.655985" lon="121.033973"><ele>19.8</ele><time>2026-09-19T22:05:21.000Z</time></trkpt>
    <trkpt lat="14.656008" lon="121.033968"><ele>19.7</ele><time>2026-09-19T22:05:22.000Z</time></trkpt>
    <trkpt lat="14.656034" lon="121.033963"><ele>19.7</ele><time>2026-09-19T22:05:23.000Z</time></trkpt>
    <trkpt lat="14.656057" lon="121.033957"><ele>19.6</ele><time>2026-09-19T22:05:24.000Z</time></trkpt>
    <trkpt lat="14.656080" lon="121.033951"><ele>19.6</ele><time>2026-09-19T22:05:25.000Z</time></trkpt>
    <trkpt lat="14.656105" lon="121.033945"><ele>19.5</ele><time>2026-09-19T22:05:26.000Z</time></trkpt>
    <trkpt lat="14.656128" lon="121.033939"><ele>19.4</ele><time>2026-09-19T22:05:27.000Z</time></trkpt>
    <trkpt lat="14.656153" lon="121.033933"><ele>19.3</ele><time>2026-09-19T22:05:28.000Z</time></trkpt>
    <trkpt lat="14.656176" lon="121.033929"><ele>19.2</ele><time>2026-09-19T22:05:29.000Z</time></trkpt>
    <trkpt lat="14.656202" lon="121.033924"><ele>19.1</ele><time>2026-09-19T22:05:30.000Z</time></trkpt>
    <trkpt lat="14.656227" lon="121.033920"><ele>19.1</ele><time>2026-09-19T22:05:31.000Z</time></trkpt>
    <trkpt lat="14.656252" lon="121.033915"><ele>19.0</ele><time>2026-09-19T22:05:32.000Z</time></trkpt>
    <trkpt lat="14.656278" lon="121.033910"><ele>18.9</ele><time>2026-09-19T22:05:33.000Z</time></trkpt>
    <trkpt lat="14.656302" lon="121.033907"><ele>18.9</ele><time>2026-09-19T22:05:34.000Z</time></trkpt>
    <trkpt lat="14.656325" lon="121.033902"><ele>18.9</ele><time>2026-09-19T22:05:35.000Z</time></trkpt>
    <trkpt lat="14.656349" lon="121.033897"><ele>18.9</ele><time>2026-09-19T22:05:36.000Z</time></trkpt>
    <trkpt lat="14.656373" lon="121.033893"><ele>19.0</ele><time>2026-09-19T22:05:37.000Z</time></trkpt>
    <trkpt lat="14.656399" lon="121.033888"><ele>19.0</ele><time>2026-09-19T22:05:38.000Z</time></trkpt>
    <trkpt lat="14.656425" lon="121.033884"><ele>19.1</ele><time>2026-09-19T22:05:39.000Z</time></trkpt>
    <trkpt lat="14.656448" lon="121.033880"><ele>19.2</ele><time>2026-09-19T22:05:40.000Z</time></trkpt>
    <trkpt lat="14.656471" lon="121.033877"><ele>19.3</ele><time>2026-09-19T22:05:41.000Z</time></trkpt>
    <trkpt lat="14.656497" lon="121.033873"><ele>19.4</ele><time>2026-09-19T22:05:42.000Z</time></trkpt>
    <trkpt lat="14.656521" lon="121.033868"><ele>19.4</ele><time>2026-09-19T22:05:43.000Z</time></trkpt>
    <trkpt lat="14.656547" lon="121.033863"><ele>19.5</ele><time>2026-09-19T22:05:44.000Z</time></trkpt>
    <trkpt lat="14.656572" lon="121.033858"><ele>19.5</ele><time>2026-09-19T22:05:45.000Z</time></trkpt>
    <trkpt lat="14.656596" lon="121.033855"><ele>19.5</ele><time>2026-09-19T22:05:46.000Z</time></trkpt>
    <trkpt lat="14.656622" lon="121.033850"><ele>19.5</ele><time>2026-09-19T22:05:47.000Z</time></trkpt>
    <trkpt lat="14.656649" lon="121.033846"><ele>19.5</ele><time>2026-09-19T22:05:48.000Z</time></trkpt>
    <trkpt lat="14.656673" lon="121.033843"><ele>19.5</ele><time>2026-09-19T22:05:49.000Z</time></trkpt>
    <trkpt lat="14.656697" lon="121.033840"><ele>19.4</ele><time>2026-09-19T22:05:50.000Z</time></trkpt>
    <trkpt lat="14.656721" lon="121.033835"><ele>19.4</ele><time>2026-09-19T22:05:51.000Z</time></trkpt>
    <trkpt lat="14.656747" lon="121.033831"><ele>19.3</ele><time>2026-09-19T22:05:52.000Z</time></trkpt>
    <trkpt lat="14.656773" lon="121.033826"><ele>19.2</ele><time>2026-09-19T22:05:53.000Z</time></trkpt>
    <trkpt lat="14.656796" lon="121.033822"><ele>19.2</ele><time>2026-09-19T22:05:54.000Z</time></trkpt>
    <trkpt lat="14.656822" lon="121.033816"><ele>19.1</ele><time>2026-09-19T22:05:55.000Z</time></trkpt>
    <trkpt lat="14.656847" lon="121.033811"><ele>19.1</ele><time>2026-09-19T22:05:56.000Z</time></trkpt>
    <trkpt lat="14.656873" lon="121.033806"><ele>19.0</ele><time>2026-09-19T22:05:57.000Z</time></trkpt>
    <trkpt lat="14.656898" lon="121.033801"><ele>18.9</ele><time>2026-09-19T22:05:58.000Z</time></trkpt>
    <trkpt lat="14.656921" lon="121.033797"><ele>18.9</ele><time>2026-09-19T22:05:59.000Z</time></trkpt>
    <trkpt lat="14.656944" lon="121.033792"><ele>18.9</ele><time>2026-09-19T22:06:00.000Z</time></trkpt>
    <trkpt lat="14.656967" lon="121.033787"><ele>18.8</ele><time>2026-09-19T22:06:01.000Z</time></trkpt>
    <trkpt lat="14.656991" lon="121.033782"><ele>18.8</ele><time>2026-09-19T22:06:02.000Z</time></trkpt>
    <trkpt lat="14.657017" lon="121.033778"><ele>18.7</ele><time>2026-09-19T22:06:03.000Z</time></trkpt>
    <trkpt lat="14.657039" lon="121.033773"><ele>18.6</ele><time>2026-09-19T22:06:04.000Z</time></trkpt>
    <trkpt lat="14.657066" lon="121.033768"><ele>18.5</ele><time>2026-09-19T22:06:05.000Z</time></trkpt>
    <trkpt lat="14.657089" lon="121.033763"><ele>18.5</ele><time>2026-09-19T22:06:06.000Z</time></trkpt>
    <trkpt lat="14.657114" lon="121.033757"><ele>18.5</ele><time>2026-09-19T22:06:07.000Z</time></trkpt>
    <trkpt lat="14.657141" lon="121.033751"><ele>18.5</ele><time>2026-09-19T22:06:08.000Z</time></trkpt>
    <trkpt lat="14.657164" lon="121.033747"><ele>18.5</ele><time>2026-09-19T22:06:09.000Z</time></trkpt>
    <trkpt lat="14.657189" lon="121.033741"><ele>18.5</ele><time>2026-09-19T22:06:10.000Z</time></trkpt>
    <trkpt lat="14.657212" lon="121.033736"><ele>18.5</ele><time>2026-09-19T22:06:11.000Z</time></trkpt>
    <trkpt lat="14.657235" lon="121.033731"><ele>18.4</ele><time>2026-09-19T22:06:12.000Z</time></trkpt>
    <trkpt lat="14.657260" lon="121.033727"><ele>18.4</ele><time>2026-09-19T22:06:13.000Z</time></trkpt>
    <trkpt lat="14.657283" lon="121.033723"><ele>18.4</ele><time>2026-09-19T22:06:14.000Z</time></trkpt>
    <trkpt lat="14.657307" lon="121.033719"><ele>18.3</ele><time>2026-09-19T22:06:15.000Z</time></trkpt>
    <trkpt lat="14.657331" lon="121.033713"><ele>18.3</ele><time>2026-09-19T22:06:16.000Z</time></trkpt>
    <trkpt lat="14.657357" lon="121.033707"><ele>18.3</ele><time>2026-09-19T22:06:17.000Z</time></trkpt>
    <trkpt lat="14.657379" lon="121.033701"><ele>18.3</ele><time>2026-09-19T22:06:18.000Z</time></trkpt>
    <trkpt lat="14.657403" lon="121.033696"><ele>18.3</ele><time>2026-09-19T22:06:19.000Z</time></trkpt>
    <trkpt lat="14.657427" lon="121.033690"><ele>18.4</ele><time>2026-09-19T22:06:20.000Z</time></trkpt>
    <trkpt lat="14.657451" lon="121.033685"><ele>18.4</ele><time>2026-09-19T22:06:21.000Z</time></trkpt>
    <trkpt lat="14.657473" lon="121.033679"><ele>18.5</ele><time>2026-09-19T22:06:22.000Z</time></trkpt>
    <trkpt lat="14.657498" lon="121.033674"><ele>18.4</ele><time>2026-09-19T22:06:23.000Z</time></trkpt>
    <trkpt lat="14.657523" lon="121.033670"><ele>18.5</ele><time>2026-09-19T22:06:24.000Z</time></trkpt>
    <trkpt lat="14.657547" lon="121.033666"><ele>18.5</ele><time>2026-09-19T22:06:25.000Z</time></trkpt>
    <trkpt lat="14.657570" lon="121.033662"><ele>18.5</ele><time>2026-09-19T22:06:26.000Z</time></trkpt>
    <trkpt lat="14.657595" lon="121.033658"><ele>18.4</ele><time>2026-09-19T22:06:27.000Z</time></trkpt>
    <trkpt lat="14.657620" lon="121.033654"><ele>18.4</ele><time>2026-09-19T22:06:28.000Z</time></trkpt>
    <trkpt lat="14.657645" lon="121.033650"><ele>18.4</ele><time>2026-09-19T22:06:29.000Z</time></trkpt>
    <trkpt lat="14.657671" lon="121.033647"><ele>18.4</ele><time>2026-09-19T22:06:30.000Z</time></trkpt>
    <trkpt lat="14.657697" lon="121.033645"><ele>18.4</ele><time>2026-09-19T22:06:31.000Z</time></trkpt>
    <trkpt lat="14.657724" lon="121.033642"><ele>18.3</ele><time>2026-09-19T22:06:32.000Z</time></trkpt>
    <trkpt lat="14.657747" lon="121.033640"><ele>18.4</ele><time>2026-09-19T22:06:33.000Z</time></trkpt>
    <trkpt lat="14.657771" lon="121.033638"><ele>18.4</ele><time>2026-09-19T22:06:34.000Z</time></trkpt>
    <trkpt lat="14.657797" lon="121.033635"><ele>18.4</ele><time>2026-09-19T22:06:35.000Z</time></trkpt>
    <trkpt lat="14.657823" lon="121.033632"><ele>18.5</ele><time>2026-09-19T22:06:36.000Z</time></trkpt>
    <trkpt lat="14.657846" lon="121.033628"><ele>18.5</ele><time>2026-09-19T22:06:37.000Z</time></trkpt>
    <trkpt lat="14.657873" lon="121.033625"><ele>18.5</ele><time>2026-09-19T22:06:38.000Z</time></trkpt>
    <trkpt lat="14.657898" lon="121.033621"><ele>18.6</ele><time>2026-09-19T22:06:39.000Z</time></trkpt>
    <trkpt lat="14.657924" lon="121.033617"><ele>18.6</ele><time>2026-09-19T22:06:40.000Z</time></trkpt>
    <trkpt lat="14.657950" lon="121.033613"><ele>18.6</ele><time>2026-09-19T22:06:41.000Z</time></trkpt>
    <trkpt lat="14.657973" lon="121.033609"><ele>18.7</ele><time>2026-09-19T22:06:42.000Z</time></trkpt>
    <trkpt lat="14.658000" lon="121.033606"><ele>18.7</ele><time>2026-09-19T22:06:43.000Z</time></trkpt>
    <trkpt lat="14.658023" lon="121.033602"><ele>18.7</ele><time>2026-09-19T22:06:44.000Z</time></trkpt>
    <trkpt lat="14.658049" lon="121.033597"><ele>18.7</ele><time>2026-09-19T22:06:45.000Z</time></trkpt>
    <trkpt lat="14.658075" lon="121.033593"><ele>18.7</ele><time>2026-09-19T22:06:46.000Z</time></trkpt>
    <trkpt lat="14.658101" lon="121.033590"><ele>18.7</ele><time>2026-09-19T22:06:47.000Z</time></trkpt>
    <trkpt lat="14.658128" lon="121.033586"><ele>18.6</ele><time>2026-09-19T22:06:48.000Z</time></trkpt>
    <trkpt lat="14.658151" lon="121.033583"><ele>18.6</ele><time>2026-09-19T22:06:49.000Z</time></trkpt>
    <trkpt lat="14.658177" lon="121.033579"><ele>18.6</ele><time>2026-09-19T22:06:50.000Z</time></trkpt>
    <trkpt lat="14.658202" lon="121.033575"><ele>18.6</ele><time>2026-09-19T22:06:51.000Z</time></trkpt>
    <trkpt lat="14.658225" lon="121.033571"><ele>18.6</ele><time>2026-09-19T22:06:52.000Z</time></trkpt>
    <trkpt lat="14.658249" lon="121.033568"><ele>18.7</ele><time>2026-09-19T22:06:53.000Z</time></trkpt>
    <trkpt lat="14.658275" lon="121.033563"><ele>18.8</ele><time>2026-09-19T22:06:54.000Z</time></trkpt>
    <trkpt lat="14.658301" lon="121.033559"><ele>18.9</ele><time>2026-09-19T22:06:55.000Z</time></trkpt>
    <trkpt lat="14.658328" lon="121.033555"><ele>19.1</ele><time>2026-09-19T22:06:56.000Z</time></trkpt>
    <trkpt lat="14.658354" lon="121.033552"><ele>19.2</ele><time>2026-09-19T22:06:57.000Z</time></trkpt>
    <trkpt lat="14.658380" lon="121.033548"><ele>19.3</ele><time>2026-09-19T22:06:58.000Z</time></trkpt>
    <trkpt lat="14.658407" lon="121.033545"><ele>19.4</ele><time>2026-09-19T22:06:59.000Z</time></trkpt>
    <trkpt lat="14.663348" lon="121.033029"><ele>19.5</ele><time>2026-09-19T22:11:00.000Z</time></trkpt>
    <trkpt lat="14.663371" lon="121.033033"><ele>19.5</ele><time>2026-09-19T22:11:01.000Z</time></trkpt>
    <trkpt lat="14.663395" lon="121.033036"><ele>19.6</ele><time>2026-09-19T22:11:02.000Z</time></trkpt>
    <trkpt lat="14.663422" lon="121.033040"><ele>19.5</ele><time>2026-09-19T22:11:03.000Z</time></trkpt>
    <trkpt lat="14.663446" lon="121.033043"><ele>19.5</ele><time>2026-09-19T22:11:04.000Z</time></trkpt>
    <trkpt lat="14.663471" lon="121.033047"><ele>19.5</ele><time>2026-09-19T22:11:05.000Z</time></trkpt>
    <trkpt lat="14.663496" lon="121.033050"><ele>19.4</ele><time>2026-09-19T22:11:06.000Z</time></trkpt>
    <trkpt lat="14.663520" lon="121.033054"><ele>19.4</ele><time>2026-09-19T22:11:07.000Z</time></trkpt>
    <trkpt lat="14.663547" lon="121.033058"><ele>19.5</ele><time>2026-09-19T22:11:08.000Z</time></trkpt>
    <trkpt lat="14.663571" lon="121.033060"><ele>19.4</ele><time>2026-09-19T22:11:09.000Z</time></trkpt>
    <trkpt lat="14.663596" lon="121.033063"><ele>19.4</ele><time>2026-09-19T22:11:10.000Z</time></trkpt>
    <trkpt lat="14.663622" lon="121.033066"><ele>19.4</ele><time>2026-09-19T22:11:11.000Z</time></trkpt>
    <trkpt lat="14.663646" lon="121.033070"><ele>19.4</ele><time>2026-09-19T22:11:12.000Z</time></trkpt>
    <trkpt lat="14.663669" lon="121.033074"><ele>19.4</ele><time>2026-09-19T22:11:13.000Z</time></trkpt>
    <trkpt lat="14.663695" lon="121.033079"><ele>19.4</ele><time>2026-09-19T22:11:14.000Z</time></trkpt>
    <trkpt lat="14.663721" lon="121.033085"><ele>19.4</ele><time>2026-09-19T22:11:15.000Z</time></trkpt>
    <trkpt lat="14.663745" lon="121.033090"><ele>19.4</ele><time>2026-09-19T22:11:16.000Z</time></trkpt>
    <trkpt lat="14.663767" lon="121.033095"><ele>19.4</ele><time>2026-09-19T22:11:17.000Z</time></trkpt>
    <trkpt lat="14.663790" lon="121.033102"><ele>19.4</ele><time>2026-09-19T22:11:18.000Z</time></trkpt>
    <trkpt lat="14.663815" lon="121.033108"><ele>19.5</ele><time>2026-09-19T22:11:19.000Z</time></trkpt>
    <trkpt lat="14.663838" lon="121.033114"><ele>19.6</ele><time>2026-09-19T22:11:20.000Z</time></trkpt>
    <trkpt lat="14.663864" lon="121.033122"><ele>19.7</ele><time>2026-09-19T22:11:21.000Z</time></trkpt>
    <trkpt lat="14.663887" lon="121.033127"><ele>19.8</ele><time>2026-09-19T22:11:22.000Z</time></trkpt>
    <trkpt lat="14.663913" lon="121.033134"><ele>19.9</ele><time>2026-09-19T22:11:23.000Z</time></trkpt>
    <trkpt lat="14.663938" lon="121.033142"><ele>20.0</ele><time>2026-09-19T22:11:24.000Z</time></trkpt>
    <trkpt lat="14.663962" lon="121.033150"><ele>20.1</ele><time>2026-09-19T22:11:25.000Z</time></trkpt>
    <trkpt lat="14.663986" lon="121.033157"><ele>20.3</ele><time>2026-09-19T22:11:26.000Z</time></trkpt>
    <trkpt lat="14.664011" lon="121.033166"><ele>20.4</ele><time>2026-09-19T22:11:27.000Z</time></trkpt>
    <trkpt lat="14.664034" lon="121.033174"><ele>20.6</ele><time>2026-09-19T22:11:28.000Z</time></trkpt>
    <trkpt lat="14.664058" lon="121.033183"><ele>20.7</ele><time>2026-09-19T22:11:29.000Z</time></trkpt>
    <trkpt lat="14.664080" lon="121.033191"><ele>20.8</ele><time>2026-09-19T22:11:30.000Z</time></trkpt>
    <trkpt lat="14.664103" lon="121.033199"><ele>20.9</ele><time>2026-09-19T22:11:31.000Z</time></trkpt>
    <trkpt lat="14.664126" lon="121.033207"><ele>21.0</ele><time>2026-09-19T22:11:32.000Z</time></trkpt>
    <trkpt lat="14.664151" lon="121.033216"><ele>21.1</ele><time>2026-09-19T22:11:33.000Z</time></trkpt>
    <trkpt lat="14.664176" lon="121.033225"><ele>21.1</ele><time>2026-09-19T22:11:34.000Z</time></trkpt>
    <trkpt lat="14.664201" lon="121.033234"><ele>21.2</ele><time>2026-09-19T22:11:35.000Z</time></trkpt>
    <trkpt lat="14.664223" lon="121.033243"><ele>21.2</ele><time>2026-09-19T22:11:36.000Z</time></trkpt>
    <trkpt lat="14.664249" lon="121.033252"><ele>21.2</ele><time>2026-09-19T22:11:37.000Z</time></trkpt>
    <trkpt lat="14.664274" lon="121.033260"><ele>21.2</ele><time>2026-09-19T22:11:38.000Z</time></trkpt>
    <trkpt lat="14.664297" lon="121.033268"><ele>21.3</ele><time>2026-09-19T22:11:39.000Z</time></trkpt>
    <trkpt lat="14.664320" lon="121.033276"><ele>21.3</ele><time>2026-09-19T22:11:40.000Z</time></trkpt>
    <trkpt lat="14.664343" lon="121.033285"><ele>21.3</ele><time>2026-09-19T22:11:41.000Z</time></trkpt>
    <trkpt lat="14.664367" lon="121.033293"><ele>21.2</ele><time>2026-09-19T22:11:42.000Z</time></trkpt>
    <trkpt lat="14.664390" lon="121.033301"><ele>21.1</ele><time>2026-09-19T22:11:43.000Z</time></trkpt>
    <trkpt lat="14.664414" lon="121.033308"><ele>21.1</ele><time>2026-09-19T22:11:44.000Z</time></trkpt>
    <trkpt lat="14.664437" lon="121.033316"><ele>21.1</ele><time>2026-09-19T22:11:45.000Z</time></trkpt>
    <trkpt lat="14.664460" lon="121.033323"><ele>21.0</ele><time>2026-09-19T22:11:46.000Z</time></trkpt>
    <trkpt lat="14.664483" lon="121.033330"><ele>21.0</ele><time>2026-09-19T22:11:47.000Z</time></trkpt>
    <trkpt lat="14.664509" lon="121.033336"><ele>20.9</ele><time>2026-09-19T22:11:48.000Z</time></trkpt>
    <trkpt lat="14.664535" lon="121.033342"><ele>20.8</ele><time>2026-09-19T22:11:49.000Z</time></trkpt>
    <trkpt lat="14.664560" lon="121.033347"><ele>20.7</ele><time>2026-09-19T22:11:50.000Z</time></trkpt>
    <trkpt lat="14.664586" lon="121.033352"><ele>20.6</ele><time>2026-09-19T22:11:51.000Z</time></trkpt>
    <trkpt lat="14.664611" lon="121.033356"><ele>20.4</ele><time>2026-09-19T22:11:52.000Z</time></trkpt>
    <trkpt lat="14.664636" lon="121.033360"><ele>20.3</ele><time>2026-09-19T22:11:53.000Z</time></trkpt>
    <trkpt lat="14.664663" lon="121.033364"><ele>20.2</ele><time>2026-09-19T22:11:54.000Z</time></trkpt>
    <trkpt lat="14.664688" lon="121.033369"><ele>20.1</ele><time>2026-09-19T22:11:55.000Z</time></trkpt>
    <trkpt lat="14.664712" lon="121.033374"><ele>20.0</ele><time>2026-09-19T22:11:56.000Z</time></trkpt>
    <trkpt lat="14.664737" lon="121.033378"><ele>19.9</ele><time>2026-09-19T22:11:57.000Z</time></trkpt>
    <trkpt lat="14.664761" lon="121.033384"><ele>19.9</ele><time>2026-09-19T22:11:58.000Z</time></trkpt>
    <trkpt lat="14.664786" lon="121.033389"><ele>19.8</ele><time>2026-09-19T22:11:59.000Z</time></trkpt>
    <trkpt lat="14.664811" lon="121.033396"><ele>19.7</ele><time>2026-09-19T22:12:00.000Z</time></trkpt>
    <trkpt lat="14.664835" lon="121.033401"><ele>19.6</ele><time>2026-09-19T22:12:01.000Z</time></trkpt>
    <trkpt lat="14.664861" lon="121.033407"><ele>19.6</ele><time>2026-09-19T22:12:02.000Z</time></trkpt>
    <trkpt lat="14.664884" lon="121.033413"><ele>19.5</ele><time>2026-09-19T22:12:03.000Z</time></trkpt>
    <trkpt lat="14.664907" lon="121.033418"><ele>19.5</ele><time>2026-09-19T22:12:04.000Z</time></trkpt>
    <trkpt lat="14.664931" lon="121.033424"><ele>19.4</ele><time>2026-09-19T22:12:05.000Z</time></trkpt>
    <trkpt lat="14.664955" lon="121.033429"><ele>19.4</ele><time>2026-09-19T22:12:06.000Z</time></trkpt>
    <trkpt lat="14.664981" lon="121.033434"><ele>19.3</ele><time>2026-09-19T22:12:07.000Z</time></trkpt>
    <trkpt lat="14.665007" lon="121.033438"><ele>19.3</ele><time>2026-09-19T22:12:08.000Z</time></trkpt>
    <trkpt lat="14.665031" lon="121.033444"><ele>19.3</ele><time>2026-09-19T22:12:09.000Z</time></trkpt>
    <trkpt lat="14.665058" lon="121.033449"><ele>19.2</ele><time>2026-09-19T22:12:10.000Z</time></trkpt>
    <trkpt lat="14.665082" lon="121.033454"><ele>19.2</ele><time>2026-09-19T22:12:11.000Z</time></trkpt>
    <trkpt lat="14.665107" lon="121.033460"><ele>19.2</ele><time>2026-09-19T22:12:12.000Z</time></trkpt>
    <trkpt lat="14.665131" lon="121.033466"><ele>19.2</ele><time>2026-09-19T22:12:13.000Z</time></trkpt>
    <trkpt lat="14.665156" lon="121.033473"><ele>19.2</ele><time>2026-09-19T22:12:14.000Z</time></trkpt>
    <trkpt lat="14.665180" lon="121.033480"><ele>19.2</ele><time>2026-09-19T22:12:15.000Z</time></trkpt>
    <trkpt lat="14.665206" lon="121.033486"><ele>19.1</ele><time>2026-09-19T22:12:16.000Z</time></trkpt>
    <trkpt lat="14.665230" lon="121.033494"><ele>19.1</ele><time>2026-09-19T22:12:17.000Z</time></trkpt>
    <trkpt lat="14.665255" lon="121.033501"><ele>19.0</ele><time>2026-09-19T22:12:18.000Z</time></trkpt>
    <trkpt lat="14.665279" lon="121.033507"><ele>19.0</ele><time>2026-09-19T22:12:19.000Z</time></trkpt>
    <trkpt lat="14.665301" lon="121.033514"><ele>18.9</ele><time>2026-09-19T22:12:20.000Z</time></trkpt>
    <trkpt lat="14.665326" lon="121.033522"><ele>18.9</ele><time>2026-09-19T22:12:21.000Z</time></trkpt>
    <trkpt lat="14.665349" lon="121.033530"><ele>18.8</ele><time>2026-09-19T22:12:22.000Z</time></trkpt>
    <trkpt lat="14.665371" lon="121.033537"><ele>18.8</ele><time>2026-09-19T22:12:23.000Z</time></trkpt>
    <trkpt lat="14.665396" lon="121.033545"><ele>18.8</ele><time>2026-09-19T22:12:24.000Z</time></trkpt>
    <trkpt lat="14.665420" lon="121.033552"><ele>18.8</ele><time>2026-09-19T22:12:25.000Z</time></trkpt>
    <trkpt lat="14.665446" lon="121.033559"><ele>18.7</ele><time>2026-09-19T22:12:26.000Z</time></trkpt>
    <trkpt lat="14.665470" lon="121.033566"><ele>18.7</ele><time>2026-09-19T22:12:27.000Z</time></trkpt>
    <trkpt lat="14.665494" lon="121.033572"><ele>18.7</ele><time>2026-09-19T22:12:28.000Z</time></trkpt>
    <trkpt lat="14.665520" lon="121.033579"><ele>18.7</ele><time>2026-09-19T22:12:29.000Z</time></trkpt>
    <trkpt lat="14.665546" lon="121.033586"><ele>18.7</ele><time>2026-09-19T22:12:30.000Z</time></trkpt>
    <trkpt lat="14.665569" lon="121.033594"><ele>18.6</ele><time>2026-09-19T22:12:31.000Z</time></trkpt>
    <trkpt lat="14.665595" lon="121.033603"><ele>18.7</ele><time>2026-09-19T22:12:32.000Z</time></trkpt>
    <trkpt lat="14.665617" lon="121.033610"><ele>18.7</ele><time>2026-09-19T22:12:33.000Z</time></trkpt>
    <trkpt lat="14.665643" lon="121.033619"><ele>18.7</ele><time>2026-09-19T22:12:34.000Z</time></trkpt>
    <trkpt lat="14.665667" lon="121.033628"><ele>18.7</ele><time>2026-09-19T22:12:35.000Z</time></trkpt>
    <trkpt lat="14.665691" lon="121.033637"><ele>18.7</ele><time>2026-09-19T22:12:36.000Z</time></trkpt>
    <trkpt lat="14.665716" lon="121.033648"><ele>18.7</ele><time>2026-09-19T22:12:37.000Z</time></trkpt>
    <trkpt lat="14.665738" lon="121.033659"><ele>18.7</ele><time>2026-09-19T22:12:38.000Z</time></trkpt>
    <trkpt lat="14.665761" lon="121.033670"><ele>18.7</ele><time>2026-09-19T22:12:39.000Z</time></trkpt>
    <trkpt lat="14.665784" lon="121.033681"><ele>18.8</ele><time>2026-09-19T22:12:40.000Z</time></trkpt>
    <trkpt lat="14.665807" lon="121.033692"><ele>18.8</ele><time>2026-09-19T22:12:41.000Z</time></trkpt>
    <trkpt lat="14.665829" lon="121.033703"><ele>18.8</ele><time>2026-09-19T22:12:42.000Z</time></trkpt>
    <trkpt lat="14.665851" lon="121.033713"><ele>18.9</ele><time>2026-09-19T22:12:43.000Z</time></trkpt>
    <trkpt lat="14.665875" lon="121.033724"><ele>18.9</ele><time>2026-09-19T22:12:44.000Z</time></trkpt>
    <trkpt lat="14.665899" lon="121.033736"><ele>18.9</ele><time>2026-09-19T22:12:45.000Z</time></trkpt>
    <trkpt lat="14.665922" lon="121.033748"><ele>18.9</ele><time>2026-09-19T22:12:46.000Z</time></trkpt>
    <trkpt lat="14.665946" lon="121.033761"><ele>18.9</ele><time>2026-09-19T22:12:47.000Z</time></trkpt>
    <trkpt lat="14.665967" lon="121.033771"><ele>18.8</ele><time>2026-09-19T22:12:48.000Z</time></trkpt>
    <trkpt lat="14.665988" lon="121.033781"><ele>18.8</ele><time>2026-09-19T22:12:49.000Z</time></trkpt>
    <trkpt lat="14.666010" lon="121.033791"><ele>18.7</ele><time>2026-09-19T22:12:50.000Z</time></trkpt>
    <trkpt lat="14.666035" lon="121.033802"><ele>18.7</ele><time>2026-09-19T22:12:51.000Z</time></trkpt>
    <trkpt lat="14.666059" lon="121.033812"><ele>18.6</ele><time>2026-09-19T22:12:52.000Z</time></trkpt>
    <trkpt lat="14.666081" lon="121.033822"><ele>18.6</ele><time>2026-09-19T22:12:53.000Z</time></trkpt>
    <trkpt lat="14.666104" lon="121.033831"><ele>18.5</ele><time>2026-09-19T22:12:54.000Z</time></trkpt>
    <trkpt lat="14.666129" lon="121.033842"><ele>18.4</ele><time>2026-09-19T22:12:55.000Z</time></trkpt>
    <trkpt lat="14.666151" lon="121.033852"><ele>18.4</ele><time>2026-09-19T22:12:56.000Z</time></trkpt>
    <trkpt lat="14.666175" lon="121.033862"><ele>18.3</ele><time>2026-09-19T22:12:57.000Z</time></trkpt>
    <trkpt lat="14.666197" lon="121.033870"><ele>18.2</ele><time>2026-09-19T22:12:58.000Z</time></trkpt>
    <trkpt lat="14.666221" lon="121.033881"><ele>18.2</ele><time>2026-09-19T22:12:59.000Z</time></trkpt>
    <trkpt lat="14.666243" lon="121.033890"><ele>18.2</ele><time>2026-09-19T22:13:00.000Z</time></trkpt>
    <trkpt lat="14.666266" lon="121.033900"><ele>18.3</ele><time>2026-09-19T22:13:01.000Z</time></trkpt>
    <trkpt lat="14.666288" lon="121.033910"><ele>18.3</ele><time>2026-09-19T22:13:02.000Z</time></trkpt>
    <trkpt lat="14.666310" lon="121.033920"><ele>18.4</ele><time>2026-09-19T22:13:03.000Z</time></trkpt>
    <trkpt lat="14.666331" lon="121.033931"><ele>18.4</ele><time>2026-09-19T22:13:04.000Z</time></trkpt>
    <trkpt lat="14.666353" lon="121.033942"><ele>18.4</ele><time>2026-09-19T22:13:05.000Z</time></trkpt>
    <trkpt lat="14.666375" lon="121.033953"><ele>18.5</ele><time>2026-09-19T22:13:06.000Z</time></trkpt>
    <trkpt lat="14.666399" lon="121.033964"><ele>18.5</ele><time>2026-09-19T22:13:07.000Z</time></trkpt>
    <trkpt lat="14.666420" lon="121.033974"><ele>18.6</ele><time>2026-09-19T22:13:08.000Z</time></trkpt>
    <trkpt lat="14.666443" lon="121.033986"><ele>18.6</ele><time>2026-09-19T22:13:09.000Z</time></trkpt>
    <trkpt lat="14.666467" lon="121.033996"><ele>18.7</ele><time>2026-09-19T22:13:10.000Z</time></trkpt>
    <trkpt lat="14.666491" lon="121.034007"><ele>18.7</ele><time>2026-09-19T22:13:11.000Z</time></trkpt>
    <trkpt lat="14.666514" lon="121.034018"><ele>18.7</ele><time>2026-09-19T22:13:12.000Z</time></trkpt>
    <trkpt lat="14.666538" lon="121.034029"><ele>18.8</ele><time>2026-09-19T22:13:13.000Z</time></trkpt>
    <trkpt lat="14.666559" lon="121.034040"><ele>18.8</ele><time>2026-09-19T22:13:14.000Z</time></trkpt>
    <trkpt lat="14.666583" lon="121.034053"><ele>18.8</ele><time>2026-09-19T22:13:15.000Z</time></trkpt>
    <trkpt lat="14.666603" lon="121.034065"><ele>18.8</ele><time>2026-09-19T22:13:16.000Z</time></trkpt>
    <trkpt lat="14.666625" lon="121.034077"><ele>18.7</ele><time>2026-09-19T22:13:17.000Z</time></trkpt>
    <trkpt lat="14.666650" lon="121.034089"><ele>18.8</ele><time>2026-09-19T22:13:18.000Z</time></trkpt>
    <trkpt lat="14.666673" lon="121.034102"><ele>18.8</ele><time>2026-09-19T22:13:19.000Z</time></trkpt>
    <trkpt lat="14.666694" lon="121.034113"><ele>18.9</ele><time>2026-09-19T22:13:20.000Z</time></trkpt>
    <trkpt lat="14.666717" lon="121.034127"><ele>19.0</ele><time>2026-09-19T22:13:21.000Z</time></trkpt>
    <trkpt lat="14.666741" lon="121.034139"><ele>19.1</ele><time>2026-09-19T22:13:22.000Z</time></trkpt>
    <trkpt lat="14.666765" lon="121.034151"><ele>19.2</ele><time>2026-09-19T22:13:23.000Z</time></trkpt>
    <trkpt lat="14.666786" lon="121.034163"><ele>19.3</ele><time>2026-09-19T22:13:24.000Z</time></trkpt>
    <trkpt lat="14.666809" lon="121.034176"><ele>19.3</ele><time>2026-09-19T22:13:25.000Z</time></trkpt>
    <trkpt lat="14.666832" lon="121.034188"><ele>19.2</ele><time>2026-09-19T22:13:26.000Z</time></trkpt>
    <trkpt lat="14.666853" lon="121.034198"><ele>19.3</ele><time>2026-09-19T22:13:27.000Z</time></trkpt>
    <trkpt lat="14.666874" lon="121.034209"><ele>19.2</ele><time>2026-09-19T22:13:28.000Z</time></trkpt>
    <trkpt lat="14.666899" lon="121.034220"><ele>19.2</ele><time>2026-09-19T22:13:29.000Z</time></trkpt>
    <trkpt lat="14.666920" lon="121.034230"><ele>19.2</ele><time>2026-09-19T22:13:30.000Z</time></trkpt>
    <trkpt lat="14.666944" lon="121.034240"><ele>19.1</ele><time>2026-09-19T22:13:31.000Z</time></trkpt>
    <trkpt lat="14.666967" lon="121.034252"><ele>19.0</ele><time>2026-09-19T22:13:32.000Z</time></trkpt>
    <trkpt lat="14.666989" lon="121.034263"><ele>18.8</ele><time>2026-09-19T22:13:33.000Z</time></trkpt>
    <trkpt lat="14.667010" lon="121.034274"><ele>18.7</ele><time>2026-09-19T22:13:34.000Z</time></trkpt>
    <trkpt lat="14.667033" lon="121.034285"><ele>18.6</ele><time>2026-09-19T22:13:35.000Z</time></trkpt>
    <trkpt lat="14.667056" lon="121.034296"><ele>18.5</ele><time>2026-09-19T22:13:36.000Z</time></trkpt>
    <trkpt lat="14.667080" lon="121.034308"><ele>18.4</ele><time>2026-09-19T22:13:37.000Z</time></trkpt>
    <trkpt lat="14.667102" lon="121.034320"><ele>18.4</ele><time>2026-09-19T22:13:38.000Z</time></trkpt>
    <trkpt lat="14.667126" lon="121.034333"><ele>18.3</ele><time>2026-09-19T22:13:39.000Z</time></trkpt>
    <trkpt lat="14.667148" lon="121.034345"><ele>18.3</ele><time>2026-09-19T22:13:40.000Z</time></trkpt>
    <trkpt lat="14.667171" lon="121.034357"><ele>18.2</ele><time>2026-09-19T22:13:41.000Z</time></trkpt>
    <trkpt lat="14.667191" lon="121.034369"><ele>18.1</ele><time>2026-09-19T22:13:42.000Z</time></trkpt>
    <trkpt lat="14.667213" lon="121.034382"><ele>17.9</ele><time>2026-09-19T22:13:43.000Z</time></trkpt>
    <trkpt lat="14.667237" lon="121.034397"><ele>17.8</ele><time>2026-09-19T22:13:44.000Z</time></trkpt>
    <trkpt lat="14.667257" lon="121.034409"><ele>17.6</ele><time>2026-09-19T22:13:45.000Z</time></trkpt>
    <trkpt lat="14.667280" lon="121.034423"><ele>17.5</ele><time>2026-09-19T22:13:46.000Z</time></trkpt>
    <trkpt lat="14.667303" lon="121.034436"><ele>17.4</ele><time>2026-09-19T22:13:47.000Z</time></trkpt>
    <trkpt lat="14.667326" lon="121.034449"><ele>17.4</ele><time>2026-09-19T22:13:48.000Z</time></trkpt>
    <trkpt lat="14.667347" lon="121.034461"><ele>17.3</ele><time>2026-09-19T22:13:49.000Z</time></trkpt>
    <trkpt lat="14.667370" lon="121.034474"><ele>17.3</ele><time>2026-09-19T22:13:50.000Z</time></trkpt>
    <trkpt lat="14.667394" lon="121.034486"><ele>17.2</ele><time>2026-09-19T22:13:51.000Z</time></trkpt>
    <trkpt lat="14.667417" lon="121.034499"><ele>17.2</ele><time>2026-09-19T22:13:52.000Z</time></trkpt>
    <trkpt lat="14.667440" lon="121.034513"><ele>17.1</ele><time>2026-09-19T22:13:53.000Z</time></trkpt>
    <trkpt lat="14.667461" lon="121.034526"><ele>17.1</ele><time>2026-09-19T22:13:54.000Z</time></trkpt>
    <trkpt lat="14.667482" lon="121.034539"><ele>17.0</ele><time>2026-09-19T22:13:55.000Z</time></trkpt>
    <trkpt lat="14.667504" lon="121.034554"><ele>16.9</ele><time>2026-09-19T22:13:56.000Z</time></trkpt>
    <trkpt lat="14.667524" lon="121.034566"><ele>16.7</ele><time>2026-09-19T22:13:57.000Z</time></trkpt>
    <trkpt lat="14.667546" lon="121.034581"><ele>16.7</ele><time>2026-09-19T22:13:58.000Z</time></trkpt>
    <trkpt lat="14.667567" lon="121.034594"><ele>16.6</ele><time>2026-09-19T22:13:59.000Z</time></trkpt>
    <trkpt lat="14.667589" lon="121.034608"><ele>16.6</ele><time>2026-09-19T22:14:00.000Z</time></trkpt>
    <trkpt lat="14.667611" lon="121.034622"><ele>16.5</ele><time>2026-09-19T22:14:01.000Z</time></trkpt>
    <trkpt lat="14.667633" lon="121.034634"><ele>16.5</ele><time>2026-09-19T22:14:02.000Z</time></trkpt>
    <trkpt lat="14.667653" lon="121.034647"><ele>16.5</ele><time>2026-09-19T22:14:03.000Z</time></trkpt>
    <trkpt lat="14.667673" lon="121.034661"><ele>16.5</ele><time>2026-09-19T22:14:04.000Z</time></trkpt>
    <trkpt lat="14.667695" lon="121.034676"><ele>16.5</ele><time>2026-09-19T22:14:05.000Z</time></trkpt>
    <trkpt lat="14.667718" lon="121.034691"><ele>16.5</ele><time>2026-09-19T22:14:06.000Z</time></trkpt>
    <trkpt lat="14.667738" lon="121.034705"><ele>16.4</ele><time>2026-09-19T22:14:07.000Z</time></trkpt>
    <trkpt lat="14.667759" lon="121.034720"><ele>16.3</ele><time>2026-09-19T22:14:08.000Z</time></trkpt>
    <trkpt lat="14.667779" lon="121.034736"><ele>16.3</ele><time>2026-09-19T22:14:09.000Z</time></trkpt>
    <trkpt lat="14.667799" lon="121.034750"><ele>16.2</ele><time>2026-09-19T22:14:10.000Z</time></trkpt>
    <trkpt lat="14.667818" lon="121.034765"><ele>16.2</ele><time>2026-09-19T22:14:11.000Z</time></trkpt>
    <trkpt lat="14.667839" lon="121.034781"><ele>16.1</ele><time>2026-09-19T22:14:12.000Z</time></trkpt>
    <trkpt lat="14.667859" lon="121.034796"><ele>16.1</ele><time>2026-09-19T22:14:13.000Z</time></trkpt>
    <trkpt lat="14.667877" lon="121.034811"><ele>16.0</ele><time>2026-09-19T22:14:14.000Z</time></trkpt>
    <trkpt lat="14.667896" lon="121.034826"><ele>16.0</ele><time>2026-09-19T22:14:15.000Z</time></trkpt>
    <trkpt lat="14.667915" lon="121.034840"><ele>16.0</ele><time>2026-09-19T22:14:16.000Z</time></trkpt>
    <trkpt lat="14.667935" lon="121.034854"><ele>16.0</ele><time>2026-09-19T22:14:17.000Z</time></trkpt>
    <trkpt lat="14.667957" lon="121.034870"><ele>16.1</ele><time>2026-09-19T22:14:18.000Z</time></trkpt>
    <trkpt lat="14.667977" lon="121.034885"><ele>16.1</ele><time>2026-09-19T22:14:19.000Z</time></trkpt>
    <trkpt lat="14.667997" lon="121.034899"><ele>16.1</ele><time>2026-09-19T22:14:20.000Z</time></trkpt>
    <trkpt lat="14.668018" lon="121.034914"><ele>16.1</ele><time>2026-09-19T22:14:21.000Z</time></trkpt>
    <trkpt lat="14.668038" lon="121.034928"><ele>16.1</ele><time>2026-09-19T22:14:22.000Z</time></trkpt>
    <trkpt lat="14.668058" lon="121.034944"><ele>16.1</ele><time>2026-09-19T22:14:23.000Z</time></trkpt>
    <trkpt lat="14.668077" lon="121.034959"><ele>16.0</ele><time>2026-09-19T22:14:24.000Z</time></trkpt>
    <trkpt lat="14.668096" lon="121.034974"><ele>16.0</ele><time>2026-09-19T22:14:25.000Z</time></trkpt>
    <trkpt lat="14.668117" lon="121.034991"><ele>16.1</ele><time>2026-09-19T22:14:26.000Z</time></trkpt>
    <trkpt lat="14.668137" lon="121.035007"><ele>16.1</ele><time>2026-09-19T22:14:27.000Z</time></trkpt>
    <trkpt lat="14.668157" lon="121.035024"><ele>16.1</ele><time>2026-09-19T22:14:28.000Z</time></trkpt>
    <trkpt lat="14.668176" lon="121.035040"><ele>16.2</ele><time>2026-09-19T22:14:29.000Z</time></trkpt>
    <trkpt lat="14.668195" lon="121.035057"><ele>16.2</ele><time>2026-09-19T22:14:30.000Z</time></trkpt>
    <trkpt lat="14.668214" lon="121.035074"><ele>16.2</ele><time>2026-09-19T22:14:31.000Z</time></trkpt>
    <trkpt lat="14.668235" lon="121.035091"><ele>16.3</ele><time>2026-09-19T22:14:32.000Z</time></trkpt>
    <trkpt lat="14.668253" lon="121.035106"><ele>16.4</ele><time>2026-09-19T22:14:33.000Z</time></trkpt>
    <trkpt lat="14.668272" lon="121.035121"><ele>16.5</ele><time>2026-09-19T22:14:34.000Z</time></trkpt>
    <trkpt lat="14.668291" lon="121.035137"><ele>16.6</ele><time>2026-09-19T22:14:35.000Z</time></trkpt>
    <trkpt lat="14.668311" lon="121.035154"><ele>16.8</ele><time>2026-09-19T22:14:36.000Z</time></trkpt>
    <trkpt lat="14.668331" lon="121.035171"><ele>16.9</ele><time>2026-09-19T22:14:37.000Z</time></trkpt>
    <trkpt lat="14.668352" lon="121.035188"><ele>17.0</ele><time>2026-09-19T22:14:38.000Z</time></trkpt>
    <trkpt lat="14.668372" lon="121.035205"><ele>17.2</ele><time>2026-09-19T22:14:39.000Z</time></trkpt>
    <trkpt lat="14.668393" lon="121.035221"><ele>17.3</ele><time>2026-09-19T22:14:40.000Z</time></trkpt>
    <trkpt lat="14.668412" lon="121.035237"><ele>17.4</ele><time>2026-09-19T22:14:41.000Z</time></trkpt>
    <trkpt lat="14.668429" lon="121.035252"><ele>17.6</ele><time>2026-09-19T22:14:42.000Z</time></trkpt>
    <trkpt lat="14.668449" lon="121.035271"><ele>17.7</ele><time>2026-09-19T22:14:43.000Z</time></trkpt>
    <trkpt lat="14.668469" lon="121.035290"><ele>17.8</ele><time>2026-09-19T22:14:44.000Z</time></trkpt>
    <trkpt lat="14.668488" lon="121.035307"><ele>17.9</ele><time>2026-09-19T22:14:45.000Z</time></trkpt>
    <trkpt lat="14.668505" lon="121.035323"><ele>18.0</ele><time>2026-09-19T22:14:46.000Z</time></trkpt>
    <trkpt lat="14.668524" lon="121.035342"><ele>18.1</ele><time>2026-09-19T22:14:47.000Z</time></trkpt>
    <trkpt lat="14.668543" lon="121.035359"><ele>18.1</ele><time>2026-09-19T22:14:48.000Z</time></trkpt>
    <trkpt lat="14.668560" lon="121.035376"><ele>18.2</ele><time>2026-09-19T22:14:49.000Z</time></trkpt>
    <trkpt lat="14.668579" lon="121.035395"><ele>18.2</ele><time>2026-09-19T22:14:50.000Z</time></trkpt>
    <trkpt lat="14.668598" lon="121.035414"><ele>18.2</ele><time>2026-09-19T22:14:51.000Z</time></trkpt>
    <trkpt lat="14.668615" lon="121.035432"><ele>18.3</ele><time>2026-09-19T22:14:52.000Z</time></trkpt>
    <trkpt lat="14.668632" lon="121.035451"><ele>18.3</ele><time>2026-09-19T22:14:53.000Z</time></trkpt>
    <trkpt lat="14.668649" lon="121.035469"><ele>18.4</ele><time>2026-09-19T22:14:54.000Z</time></trkpt>
    <trkpt lat="14.668667" lon="121.035489"><ele>18.4</ele><time>2026-09-19T22:14:55.000Z</time></trkpt>
    <trkpt lat="14.668685" lon="121.035507"><ele>18.5</ele><time>2026-09-19T22:14:56.000Z</time></trkpt>
    <trkpt lat="14.668703" lon="121.035526"><ele>18.5</ele><time>2026-09-19T22:14:57.000Z</time></trkpt>
    <trkpt lat="14.668721" lon="121.035542"><ele>18.6</ele><time>2026-09-19T22:14:58.000Z</time></trkpt>
    <trkpt lat="14.668740" lon="121.035560"><ele>18.6</ele><time>2026-09-19T22:14:59.000Z</time></trkpt>
    <trkpt lat="14.668759" lon="121.035578"><ele>18.7</ele><time>2026-09-19T22:15:00.000Z</time></trkpt>
    <trkpt lat="14.668778" lon="121.035596"><ele>18.7</ele><time>2026-09-19T22:15:01.000Z</time></trkpt>
    <trkpt lat="14.668796" lon="121.035613"><ele>18.7</ele><time>2026-09-19T22:15:02.000Z</time></trkpt>
    <trkpt lat="14.668814" lon="121.035633"><ele>18.8</ele><time>2026-09-19T22:15:03.000Z</time></trkpt>
    <trkpt lat="14.668831" lon="121.035649"><ele>18.8</ele><time>2026-09-19T22:15:04.000Z</time></trkpt>
    <trkpt lat="14.668850" lon="121.035668"><ele>18.9</ele><time>2026-09-19T22:15:05.000Z</time></trkpt>
    <trkpt lat="14.668867" lon="121.035686"><ele>18.9</ele><time>2026-09-19T22:15:06.000Z</time></trkpt>
    <trkpt lat="14.668884" lon="121.035704"><ele>19.0</ele><time>2026-09-19T22:15:07.000Z</time></trkpt>
    <trkpt lat="14.668902" lon="121.035724"><ele>19.1</ele><time>2026-09-19T22:15:08.000Z</time></trkpt>
    <trkpt lat="14.668920" lon="121.035744"><ele>19.1</ele><time>2026-09-19T22:15:09.000Z</time></trkpt>
    <trkpt lat="14.668939" lon="121.035764"><ele>19.1</ele><time>2026-09-19T22:15:10.000Z</time></trkpt>
    <trkpt lat="14.668958" lon="121.035782"><ele>19.1</ele><time>2026-09-19T22:15:11.000Z</time></trkpt>
    <trkpt lat="14.668976" lon="121.035798"><ele>19.1</ele><time>2026-09-19T22:15:12.000Z</time></trkpt>
    <trkpt lat="14.668994" lon="121.035816"><ele>19.1</ele><time>2026-09-19T22:15:13.000Z</time></trkpt>
    <trkpt lat="14.669015" lon="121.035834"><ele>19.1</ele><time>2026-09-19T22:15:14.000Z</time></trkpt>
    <trkpt lat="14.669033" lon="121.035851"><ele>19.1</ele><time>2026-09-19T22:15:15.000Z</time></trkpt>
    <trkpt lat="14.669053" lon="121.035869"><ele>19.2</ele><time>2026-09-19T22:15:16.000Z</time></trkpt>
    <trkpt lat="14.669071" lon="121.035886"><ele>19.2</ele><time>2026-09-19T22:15:17.000Z</time></trkpt>
    <trkpt lat="14.669092" lon="121.035903"><ele>19.2</ele><time>2026-09-19T22:15:18.000Z</time></trkpt>
    <trkpt lat="14.669112" lon="121.035921"><ele>19.2</ele><time>2026-09-19T22:15:19.000Z</time></trkpt>
    <trkpt lat="14.669133" lon="121.035939"><ele>19.2</ele><time>2026-09-19T22:15:20.000Z</time></trkpt>
    <trkpt lat="14.669153" lon="121.035956"><ele>19.2</ele><time>2026-09-19T22:15:21.000Z</time></trkpt>
    <trkpt lat="14.669172" lon="121.035972"><ele>19.2</ele><time>2026-09-19T22:15:22.000Z</time></trkpt>
    <trkpt lat="14.669190" lon="121.035988"><ele>19.2</ele><time>2026-09-19T22:15:23.000Z</time></trkpt>
    <trkpt lat="14.669208" lon="121.036004"><ele>19.2</ele><time>2026-09-19T22:15:24.000Z</time></trkpt>
    <trkpt lat="14.669226" lon="121.036020"><ele>19.2</ele><time>2026-09-19T22:15:25.000Z</time></trkpt>
    <trkpt lat="14.669244" lon="121.036035"><ele>19.2</ele><time>2026-09-19T22:15:26.000Z</time></trkpt>
    <trkpt lat="14.669262" lon="121.036050"><ele>19.2</ele><time>2026-09-19T22:15:27.000Z</time></trkpt>
    <trkpt lat="14.669281" lon="121.036064"><ele>19.3</ele><time>2026-09-19T22:15:28.000Z</time></trkpt>
    <trkpt lat="14.669301" lon="121.036079"><ele>19.4</ele><time>2026-09-19T22:15:29.000Z</time></trkpt>
    <trkpt lat="14.669321" lon="121.036096"><ele>19.4</ele><time>2026-09-19T22:15:30.000Z</time></trkpt>
    <trkpt lat="14.669343" lon="121.036112"><ele>19.5</ele><time>2026-09-19T22:15:31.000Z</time></trkpt>
    <trkpt lat="14.669364" lon="121.036126"><ele>19.5</ele><time>2026-09-19T22:15:32.000Z</time></trkpt>
    <trkpt lat="14.669386" lon="121.036142"><ele>19.5</ele><time>2026-09-19T22:15:33.000Z</time></trkpt>
    <trkpt lat="14.669406" lon="121.036156"><ele>19.6</ele><time>2026-09-19T22:15:34.000Z</time></trkpt>
    <trkpt lat="14.669426" lon="121.036171"><ele>19.6</ele><time>2026-09-19T22:15:35.000Z</time></trkpt>
    <trkpt lat="14.669447" lon="121.036186"><ele>19.7</ele><time>2026-09-19T22:15:36.000Z</time></trkpt>
    <trkpt lat="14.669466" lon="121.036201"><ele>19.8</ele><time>2026-09-19T22:15:37.000Z</time></trkpt>
    <trkpt lat="14.669487" lon="121.036217"><ele>19.8</ele><time>2026-09-19T22:15:38.000Z</time></trkpt>
    <trkpt lat="14.669505" lon="121.036232"><ele>19.9</ele><time>2026-09-19T22:15:39.000Z</time></trkpt>
    <trkpt lat="14.669524" lon="121.036248"><ele>19.9</ele><time>2026-09-19T22:15:40.000Z</time></trkpt>
    <trkpt lat="14.669542" lon="121.036264"><ele>19.9</ele><time>2026-09-19T22:15:41.000Z</time></trkpt>
    <trkpt lat="14.669561" lon="121.036282"><ele>19.9</ele><time>2026-09-19T22:15:42.000Z</time></trkpt>
    <trkpt lat="14.669581" lon="121.036301"><ele>19.8</ele><time>2026-09-19T22:15:43.000Z</time></trkpt>
    <trkpt lat="14.669598" lon="121.036319"><ele>19.8</ele><time>2026-09-19T22:15:44.000Z</time></trkpt>
    <trkpt lat="14.669617" lon="121.036338"><ele>19.8</ele><time>2026-09-19T22:15:45.000Z</time></trkpt>
    <trkpt lat="14.669633" lon="121.036356"><ele>19.8</ele><time>2026-09-19T22:15:46.000Z</time></trkpt>
    <trkpt lat="14.669651" lon="121.036375"><ele>19.7</ele><time>2026-09-19T22:15:47.000Z</time></trkpt>
    <trkpt lat="14.669669" lon="121.036395"><ele>19.6</ele><time>2026-09-19T22:15:48.000Z</time></trkpt>
    <trkpt lat="14.669686" lon="121.036413"><ele>19.5</ele><time>2026-09-19T22:15:49.000Z</time></trkpt>
    <trkpt lat="14.669703" lon="121.036431"><ele>19.5</ele><time>2026-09-19T22:15:50.000Z</time></trkpt>
    <trkpt lat="14.669722" lon="121.036451"><ele>19.4</ele><time>2026-09-19T22:15:51.000Z</time></trkpt>
    <trkpt lat="14.669738" lon="121.036469"><ele>19.3</ele><time>2026-09-19T22:15:52.000Z</time></trkpt>
    <trkpt lat="14.669756" lon="121.036489"><ele>19.2</ele><time>2026-09-19T22:15:53.000Z</time></trkpt>
    <trkpt lat="14.669773" lon="121.036507"><ele>19.1</ele><time>2026-09-19T22:15:54.000Z</time></trkpt>
    <trkpt lat="14.669791" lon="121.036526"><ele>19.0</ele><time>2026-09-19T22:15:55.000Z</time></trkpt>
    <trkpt lat="14.669809" lon="121.036544"><ele>19.0</ele><time>2026-09-19T22:15:56.000Z</time></trkpt>
    <trkpt lat="14.669827" lon="121.036562"><ele>18.9</ele><time>2026-09-19T22:15:57.000Z</time></trkpt>
    <trkpt lat="14.669843" lon="121.036579"><ele>18.9</ele><time>2026-09-19T22:15:58.000Z</time></trkpt>
    <trkpt lat="14.669860" lon="121.036596"><ele>18.9</ele><time>2026-09-19T22:15:59.000Z</time></trkpt>
    <trkpt lat="14.669879" lon="121.036615"><ele>18.8</ele><time>2026-09-19T22:16:00.000Z</time></trkpt>
    <trkpt lat="14.669897" lon="121.036633"><ele>18.7</ele><time>2026-09-19T22:16:01.000Z</time></trkpt>
    <trkpt lat="14.669916" lon="121.036653"><ele>18.6</ele><time>2026-09-19T22:16:02.000Z</time></trkpt>
    <trkpt lat="14.669935" lon="121.036673"><ele>18.5</ele><time>2026-09-19T22:16:03.000Z</time></trkpt>
    <trkpt lat="14.669951" lon="121.036691"><ele>18.4</ele><time>2026-09-19T22:16:04.000Z</time></trkpt>
    <trkpt lat="14.669970" lon="121.036711"><ele>18.4</ele><time>2026-09-19T22:16:05.000Z</time></trkpt>
    <trkpt lat="14.669986" lon="121.036730"><ele>18.4</ele><time>2026-09-19T22:16:06.000Z</time></trkpt>
    <trkpt lat="14.670004" lon="121.036748"><ele>18.4</ele><time>2026-09-19T22:16:07.000Z</time></trkpt>
    <trkpt lat="14.670021" lon="121.036767"><ele>18.4</ele><time>2026-09-19T22:16:08.000Z</time></trkpt>
    <trkpt lat="14.670037" lon="121.036787"><ele>18.4</ele><time>2026-09-19T22:16:09.000Z</time></trkpt>
    <trkpt lat="14.670054" lon="121.036808"><ele>18.4</ele><time>2026-09-19T22:16:10.000Z</time></trkpt>
    <trkpt lat="14.670069" lon="121.036826"><ele>18.4</ele><time>2026-09-19T22:16:11.000Z</time></trkpt>
    <trkpt lat="14.670085" lon="121.036847"><ele>18.4</ele><time>2026-09-19T22:16:12.000Z</time></trkpt>
    <trkpt lat="14.670100" lon="121.036867"><ele>18.4</ele><time>2026-09-19T22:16:13.000Z</time></trkpt>
    <trkpt lat="14.670116" lon="121.036887"><ele>18.4</ele><time>2026-09-19T22:16:14.000Z</time></trkpt>
    <trkpt lat="14.670130" lon="121.036907"><ele>18.4</ele><time>2026-09-19T22:16:15.000Z</time></trkpt>
    <trkpt lat="14.670145" lon="121.036928"><ele>18.4</ele><time>2026-09-19T22:16:16.000Z</time></trkpt>
    <trkpt lat="14.670161" lon="121.036950"><ele>18.4</ele><time>2026-09-19T22:16:17.000Z</time></trkpt>
    <trkpt lat="14.670178" lon="121.036970"><ele>18.3</ele><time>2026-09-19T22:16:18.000Z</time></trkpt>
    <trkpt lat="14.670193" lon="121.036989"><ele>18.3</ele><time>2026-09-19T22:16:19.000Z</time></trkpt>
    <trkpt lat="14.670209" lon="121.037008"><ele>18.3</ele><time>2026-09-19T22:16:20.000Z</time></trkpt>
    <trkpt lat="14.670226" lon="121.037027"><ele>18.2</ele><time>2026-09-19T22:16:21.000Z</time></trkpt>
    <trkpt lat="14.670243" lon="121.037049"><ele>18.2</ele><time>2026-09-19T22:16:22.000Z</time></trkpt>
    <trkpt lat="14.670260" lon="121.037068"><ele>18.2</ele><time>2026-09-19T22:16:23.000Z</time></trkpt>
    <trkpt lat="14.670277" lon="121.037087"><ele>18.1</ele><time>2026-09-19T22:16:24.000Z</time></trkpt>
    <trkpt lat="14.670293" lon="121.037108"><ele>18.1</ele><time>2026-09-19T22:16:25.000Z</time></trkpt>
    <trkpt lat="14.670309" lon="121.037128"><ele>18.0</ele><time>2026-09-19T22:16:26.000Z</time></trkpt>
    <trkpt lat="14.670325" lon="121.037149"><ele>18.0</ele><time>2026-09-19T22:16:27.000Z</time></trkpt>
    <trkpt lat="14.670340" lon="121.037171"><ele>17.9</ele><time>2026-09-19T22:16:28.000Z</time></trkpt>
    <trkpt lat="14.670353" lon="121.037192"><ele>17.8</ele><time>2026-09-19T22:16:29.000Z</time></trkpt>
    <trkpt lat="14.670367" lon="121.037213"><ele>17.8</ele><time>2026-09-19T22:16:30.000Z</time></trkpt>
    <trkpt lat="14.670383" lon="121.037234"><ele>17.7</ele><time>2026-09-19T22:16:31.000Z</time></trkpt>
    <trkpt lat="14.670398" lon="121.037256"><ele>17.6</ele><time>2026-09-19T22:16:32.000Z</time></trkpt>
    <trkpt lat="14.670414" lon="121.037279"><ele>17.6</ele><time>2026-09-19T22:16:33.000Z</time></trkpt>
    <trkpt lat="14.670428" lon="121.037298"><ele>17.4</ele><time>2026-09-19T22:16:34.000Z</time></trkpt>
    <trkpt lat="14.670443" lon="121.037317"><ele>17.4</ele><time>2026-09-19T22:16:35.000Z</time></trkpt>
    <trkpt lat="14.670458" lon="121.037339"><ele>17.3</ele><time>2026-09-19T22:16:36.000Z</time></trkpt>
    <trkpt lat="14.670474" lon="121.037360"><ele>17.2</ele><time>2026-09-19T22:16:37.000Z</time></trkpt>
    <trkpt lat="14.670488" lon="121.037380"><ele>17.0</ele><time>2026-09-19T22:16:38.000Z</time></trkpt>
    <trkpt lat="14.670503" lon="121.037402"><ele>17.0</ele><time>2026-09-19T22:16:39.000Z</time></trkpt>
    <trkpt lat="14.670517" lon="121.037424"><ele>16.9</ele><time>2026-09-19T22:16:40.000Z</time></trkpt>
    <trkpt lat="14.670531" lon="121.037444"><ele>16.9</ele><time>2026-09-19T22:16:41.000Z</time></trkpt>
    <trkpt lat="14.670546" lon="121.037467"><ele>16.8</ele><time>2026-09-19T22:16:42.000Z</time></trkpt>
    <trkpt lat="14.670561" lon="121.037489"><ele>16.7</ele><time>2026-09-19T22:16:43.000Z</time></trkpt>
    <trkpt lat="14.670574" lon="121.037511"><ele>16.7</ele><time>2026-09-19T22:16:44.000Z</time></trkpt>
    <trkpt lat="14.670588" lon="121.037532"><ele>16.6</ele><time>2026-09-19T22:16:45.000Z</time></trkpt>
    <trkpt lat="14.670603" lon="121.037553"><ele>16.5</ele><time>2026-09-19T22:16:46.000Z</time></trkpt>
    <trkpt lat="14.670618" lon="121.037575"><ele>16.4</ele><time>2026-09-19T22:16:47.000Z</time></trkpt>
    <trkpt lat="14.670632" lon="121.037596"><ele>16.3</ele><time>2026-09-19T22:16:48.000Z</time></trkpt>
    <trkpt lat="14.670647" lon="121.037618"><ele>16.2</ele><time>2026-09-19T22:16:49.000Z</time></trkpt>
    <trkpt lat="14.670662" lon="121.037641"><ele>16.1</ele><time>2026-09-19T22:16:50.000Z</time></trkpt>
    <trkpt lat="14.670677" lon="121.037664"><ele>16.0</ele><time>2026-09-19T22:16:51.000Z</time></trkpt>
    <trkpt lat="14.670691" lon="121.037686"><ele>16.0</ele><time>2026-09-19T22:16:52.000Z</time></trkpt>
    <trkpt lat="14.670705" lon="121.037708"><ele>15.9</ele><time>2026-09-19T22:16:53.000Z</time></trkpt>
    <trkpt lat="14.670718" lon="121.037729"><ele>15.8</ele><time>2026-09-19T22:16:54.000Z</time></trkpt>
    <trkpt lat="14.670732" lon="121.037752"><ele>15.7</ele><time>2026-09-19T22:16:55.000Z</time></trkpt>
    <trkpt lat="14.670746" lon="121.037774"><ele>15.6</ele><time>2026-09-19T22:16:56.000Z</time></trkpt>
    <trkpt lat="14.670758" lon="121.037794"><ele>15.5</ele><time>2026-09-19T22:16:57.000Z</time></trkpt>
    <trkpt lat="14.670771" lon="121.037817"><ele>15.3</ele><time>2026-09-19T22:16:58.000Z</time></trkpt>
    <trkpt lat="14.670784" lon="121.037841"><ele>15.3</ele><time>2026-09-19T22:16:59.000Z</time></trkpt>
    <trkpt lat="14.670796" lon="121.037863"><ele>15.2</ele><time>2026-09-19T22:17:00.000Z</time></trkpt>
    <trkpt lat="14.670808" lon="121.037884"><ele>15.1</ele><time>2026-09-19T22:17:01.000Z</time></trkpt>
    <trkpt lat="14.670820" lon="121.037908"><ele>15.0</ele><time>2026-09-19T22:17:02.000Z</time></trkpt>
    <trkpt lat="14.670831" lon="121.037930"><ele>14.9</ele><time>2026-09-19T22:17:03.000Z</time></trkpt>
    <trkpt lat="14.670843" lon="121.037952"><ele>14.9</ele><time>2026-09-19T22:17:04.000Z</time></trkpt>
    <trkpt lat="14.670855" lon="121.037975"><ele>15.0</ele><time>2026-09-19T22:17:05.000Z</time></trkpt>
    <trkpt lat="14.670868" lon="121.037999"><ele>14.9</ele><time>2026-09-19T22:17:06.000Z</time></trkpt>
    <trkpt lat="14.670880" lon="121.038023"><ele>14.9</ele><time>2026-09-19T22:17:07.000Z</time></trkpt>
    <trkpt lat="14.670891" lon="121.038047"><ele>14.9</ele><time>2026-09-19T22:17:08.000Z</time></trkpt>
    <trkpt lat="14.670904" lon="121.038072"><ele>14.8</ele><time>2026-09-19T22:17:09.000Z</time></trkpt>
    <trkpt lat="14.670917" lon="121.038096"><ele>14.8</ele><time>2026-09-19T22:17:10.000Z</time></trkpt>
    <trkpt lat="14.670930" lon="121.038120"><ele>14.8</ele><time>2026-09-19T22:17:11.000Z</time></trkpt>
    <trkpt lat="14.670941" lon="121.038141"><ele>14.8</ele><time>2026-09-19T22:17:12.000Z</time></trkpt>
    <trkpt lat="14.670953" lon="121.038165"><ele>14.7</ele><time>2026-09-19T22:17:13.000Z</time></trkpt>
    <trkpt lat="14.670965" lon="121.038190"><ele>14.7</ele><time>2026-09-19T22:17:14.000Z</time></trkpt>
    <trkpt lat="14.670978" lon="121.038215"><ele>14.7</ele><time>2026-09-19T22:17:15.000Z</time></trkpt>
    <trkpt lat="14.670988" lon="121.038237"><ele>14.7</ele><time>2026-09-19T22:17:16.000Z</time></trkpt>
    <trkpt lat="14.670999" lon="121.038261"><ele>14.7</ele><time>2026-09-19T22:17:17.000Z</time></trkpt>
    <trkpt lat="14.671008" lon="121.038286"><ele>14.7</ele><time>2026-09-19T22:17:18.000Z</time></trkpt>
    <trkpt lat="14.671018" lon="121.038309"><ele>14.7</ele><time>2026-09-19T22:17:19.000Z</time></trkpt>
    <trkpt lat="14.671027" lon="121.038331"><ele>14.7</ele><time>2026-09-19T22:17:20.000Z</time></trkpt>
    <trkpt lat="14.671037" lon="121.038356"><ele>14.7</ele><time>2026-09-19T22:17:21.000Z</time></trkpt>
    <trkpt lat="14.671048" lon="121.038381"><ele>14.7</ele><time>2026-09-19T22:17:22.000Z</time></trkpt>
    <trkpt lat="14.671058" lon="121.038406"><ele>14.7</ele><time>2026-09-19T22:17:23.000Z</time></trkpt>
    <trkpt lat="14.671069" lon="121.038430"><ele>14.6</ele><time>2026-09-19T22:17:24.000Z</time></trkpt>
    <trkpt lat="14.671078" lon="121.038453"><ele>14.5</ele><time>2026-09-19T22:17:25.000Z</time></trkpt>
    <trkpt lat="14.671087" lon="121.038479"><ele>14.5</ele><time>2026-09-19T22:17:26.000Z</time></trkpt>
    <trkpt lat="14.671096" lon="121.038503"><ele>14.3</ele><time>2026-09-19T22:17:27.000Z</time></trkpt>
    <trkpt lat="14.671105" lon="121.038525"><ele>14.2</ele><time>2026-09-19T22:17:28.000Z</time></trkpt>
    <trkpt lat="14.671114" lon="121.038547"><ele>14.1</ele><time>2026-09-19T22:17:29.000Z</time></trkpt>
    <trkpt lat="14.671125" lon="121.038571"><ele>14.0</ele><time>2026-09-19T22:17:30.000Z</time></trkpt>
    <trkpt lat="14.671134" lon="121.038593"><ele>13.9</ele><time>2026-09-19T22:17:31.000Z</time></trkpt>
    <trkpt lat="14.671144" lon="121.038615"><ele>13.9</ele><time>2026-09-19T22:17:32.000Z</time></trkpt>
    <trkpt lat="14.671155" lon="121.038640"><ele>13.9</ele><time>2026-09-19T22:17:33.000Z</time></trkpt>
    <trkpt lat="14.671165" lon="121.038663"><ele>13.8</ele><time>2026-09-19T22:17:34.000Z</time></trkpt>
    <trkpt lat="14.671176" lon="121.038687"><ele>13.8</ele><time>2026-09-19T22:17:35.000Z</time></trkpt>
    <trkpt lat="14.671186" lon="121.038712"><ele>13.7</ele><time>2026-09-19T22:17:36.000Z</time></trkpt>
    <trkpt lat="14.671195" lon="121.038737"><ele>13.7</ele><time>2026-09-19T22:17:37.000Z</time></trkpt>
    <trkpt lat="14.671204" lon="121.038761"><ele>13.7</ele><time>2026-09-19T22:17:38.000Z</time></trkpt>
    <trkpt lat="14.671213" lon="121.038786"><ele>13.7</ele><time>2026-09-19T22:17:39.000Z</time></trkpt>
    <trkpt lat="14.671222" lon="121.038811"><ele>13.7</ele><time>2026-09-19T22:17:40.000Z</time></trkpt>
    <trkpt lat="14.671230" lon="121.038837"><ele>13.7</ele><time>2026-09-19T22:17:41.000Z</time></trkpt>
    <trkpt lat="14.671238" lon="121.038863"><ele>13.7</ele><time>2026-09-19T22:17:42.000Z</time></trkpt>
    <trkpt lat="14.671245" lon="121.038887"><ele>13.7</ele><time>2026-09-19T22:17:43.000Z</time></trkpt>
    <trkpt lat="14.671253" lon="121.038911"><ele>13.6</ele><time>2026-09-19T22:17:44.000Z</time></trkpt>
    <trkpt lat="14.671260" lon="121.038937"><ele>13.6</ele><time>2026-09-19T22:17:45.000Z</time></trkpt>
    <trkpt lat="14.671267" lon="121.038962"><ele>13.6</ele><time>2026-09-19T22:17:46.000Z</time></trkpt>
    <trkpt lat="14.671274" lon="121.038985"><ele>13.6</ele><time>2026-09-19T22:17:47.000Z</time></trkpt>
    <trkpt lat="14.671281" lon="121.039010"><ele>13.6</ele><time>2026-09-19T22:17:48.000Z</time></trkpt>
    <trkpt lat="14.671289" lon="121.039036"><ele>13.7</ele><time>2026-09-19T22:17:49.000Z</time></trkpt>
    <trkpt lat="14.671298" lon="121.039061"><ele>13.7</ele><time>2026-09-19T22:17:50.000Z</time></trkpt>
    <trkpt lat="14.671306" lon="121.039084"><ele>13.7</ele><time>2026-09-19T22:17:51.000Z</time></trkpt>
    <trkpt lat="14.671314" lon="121.039108"><ele>13.7</ele><time>2026-09-19T22:17:52.000Z</time></trkpt>
    <trkpt lat="14.671321" lon="121.039132"><ele>13.7</ele><time>2026-09-19T22:17:53.000Z</time></trkpt>
    <trkpt lat="14.671328" lon="121.039156"><ele>13.8</ele><time>2026-09-19T22:17:54.000Z</time></trkpt>
    <trkpt lat="14.671334" lon="121.039180"><ele>13.9</ele><time>2026-09-19T22:17:55.000Z</time></trkpt>
    <trkpt lat="14.671340" lon="121.039206"><ele>13.9</ele><time>2026-09-19T22:17:56.000Z</time></trkpt>
    <trkpt lat="14.671346" lon="121.039229"><ele>13.9</ele><time>2026-09-19T22:17:57.000Z</time></trkpt>
    <trkpt lat="14.671352" lon="121.039255"><ele>14.0</ele><time>2026-09-19T22:17:58.000Z</time></trkpt>
    <trkpt lat="14.671357" lon="121.039278"><ele>14.0</ele><time>2026-09-19T22:17:59.000Z</time></trkpt>
    <trkpt lat="14.671362" lon="121.039304"><ele>14.1</ele><time>2026-09-19T22:18:00.000Z</time></trkpt>
    <trkpt lat="14.671366" lon="121.039331"><ele>14.1</ele><time>2026-09-19T22:18:01.000Z</time></trkpt>
    <trkpt lat="14.671371" lon="121.039357"><ele>14.1</ele><time>2026-09-19T22:18:02.000Z</time></trkpt>
    <trkpt lat="14.671376" lon="121.039381"><ele>14.0</ele><time>2026-09-19T22:18:03.000Z</time></trkpt>
    <trkpt lat="14.671381" lon="121.039407"><ele>14.0</ele><time>2026-09-19T22:18:04.000Z</time></trkpt>
    <trkpt lat="14.671386" lon="121.039433"><ele>14.0</ele><time>2026-09-19T22:18:05.000Z</time></trkpt>
    <trkpt lat="14.671391" lon="121.039458"><ele>13.9</ele><time>2026-09-19T22:18:06.000Z</time></trkpt>
    <trkpt lat="14.671396" lon="121.039485"><ele>13.8</ele><time>2026-09-19T22:18:07.000Z</time></trkpt>
    <trkpt lat="14.671400" lon="121.039511"><ele>13.8</ele><time>2026-09-19T22:18:08.000Z</time></trkpt>
    <trkpt lat="14.671403" lon="121.039536"><ele>13.7</ele><time>2026-09-19T22:18:09.000Z</time></trkpt>
    <trkpt lat="14.671406" lon="121.039562"><ele>13.7</ele><time>2026-09-19T22:18:10.000Z</time></trkpt>
    <trkpt lat="14.671408" lon="121.039590"><ele>13.6</ele><time>2026-09-19T22:18:11.000Z</time></trkpt>
    <trkpt lat="14.671411" lon="121.039616"><ele>13.6</ele><time>2026-09-19T22:18:12.000Z</time></trkpt>
    <trkpt lat="14.671413" lon="121.039639"><ele>13.6</ele><time>2026-09-19T22:18:13.000Z</time></trkpt>
    <trkpt lat="14.671417" lon="121.039663"><ele>13.5</ele><time>2026-09-19T22:18:14.000Z</time></trkpt>
    <trkpt lat="14.671420" lon="121.039687"><ele>13.5</ele><time>2026-09-19T22:18:15.000Z</time></trkpt>
    <trkpt lat="14.671423" lon="121.039713"><ele>13.5</ele><time>2026-09-19T22:18:16.000Z</time></trkpt>
    <trkpt lat="14.671427" lon="121.039740"><ele>13.5</ele><time>2026-09-19T22:18:17.000Z</time></trkpt>
    <trkpt lat="14.671430" lon="121.039766"><ele>13.5</ele><time>2026-09-19T22:18:18.000Z</time></trkpt>
    <trkpt lat="14.671433" lon="121.039791"><ele>13.6</ele><time>2026-09-19T22:18:19.000Z</time></trkpt>
    <trkpt lat="14.671435" lon="121.039817"><ele>13.6</ele><time>2026-09-19T22:18:20.000Z</time></trkpt>
    <trkpt lat="14.671436" lon="121.039841"><ele>13.7</ele><time>2026-09-19T22:18:21.000Z</time></trkpt>
    <trkpt lat="14.671437" lon="121.039865"><ele>13.7</ele><time>2026-09-19T22:18:22.000Z</time></trkpt>
    <trkpt lat="14.671438" lon="121.039891"><ele>13.7</ele><time>2026-09-19T22:18:23.000Z</time></trkpt>
    <trkpt lat="14.671440" lon="121.039918"><ele>13.7</ele><time>2026-09-19T22:18:24.000Z</time></trkpt>
    <trkpt lat="14.671441" lon="121.039946"><ele>13.6</ele><time>2026-09-19T22:18:25.000Z</time></trkpt>
    <trkpt lat="14.671443" lon="121.039971"><ele>13.5</ele><time>2026-09-19T22:18:26.000Z</time></trkpt>
    <trkpt lat="14.671444" lon="121.039998"><ele>13.4</ele><time>2026-09-19T22:18:27.000Z</time></trkpt>
    <trkpt lat="14.671447" lon="121.040025"><ele>13.4</ele><time>2026-09-19T22:18:28.000Z</time></trkpt>
    <trkpt lat="14.671450" lon="121.040052"><ele>13.3</ele><time>2026-09-19T22:18:29.000Z</time></trkpt>
    <trkpt lat="14.671452" lon="121.040079"><ele>13.3</ele><time>2026-09-19T22:18:30.000Z</time></trkpt>
    <trkpt lat="14.671455" lon="121.040105"><ele>13.3</ele><time>2026-09-19T22:18:31.000Z</time></trkpt>
    <trkpt lat="14.671458" lon="121.040130"><ele>13.2</ele><time>2026-09-19T22:18:32.000Z</time></trkpt>
    <trkpt lat="14.671460" lon="121.040154"><ele>13.1</ele><time>2026-09-19T22:18:33.000Z</time></trkpt>
    <trkpt lat="14.671464" lon="121.040180"><ele>13.0</ele><time>2026-09-19T22:18:34.000Z</time></trkpt>
    <trkpt lat="14.671468" lon="121.040206"><ele>13.0</ele><time>2026-09-19T22:18:35.000Z</time></trkpt>
    <trkpt lat="14.671470" lon="121.040231"><ele>12.9</ele><time>2026-09-19T22:18:36.000Z</time></trkpt>
    <trkpt lat="14.671472" lon="121.040255"><ele>12.8</ele><time>2026-09-19T22:18:37.000Z</time></trkpt>
    <trkpt lat="14.671475" lon="121.040282"><ele>12.6</ele><time>2026-09-19T22:18:38.000Z</time></trkpt>
    <trkpt lat="14.671479" lon="121.040308"><ele>12.6</ele><time>2026-09-19T22:18:39.000Z</time></trkpt>
    <trkpt lat="14.671483" lon="121.040333"><ele>12.5</ele><time>2026-09-19T22:18:40.000Z</time></trkpt>
    <trkpt lat="14.671486" lon="121.040359"><ele>12.5</ele><time>2026-09-19T22:18:41.000Z</time></trkpt>
    <trkpt lat="14.671490" lon="121.040387"><ele>12.5</ele><time>2026-09-19T22:18:42.000Z</time></trkpt>
    <trkpt lat="14.671494" lon="121.040414"><ele>12.5</ele><time>2026-09-19T22:18:43.000Z</time></trkpt>
    <trkpt lat="14.671498" lon="121.040438"><ele>12.4</ele><time>2026-09-19T22:18:44.000Z</time></trkpt>
    <trkpt lat="14.671500" lon="121.040462"><ele>12.5</ele><time>2026-09-19T22:18:45.000Z</time></trkpt>
    <trkpt lat="14.671503" lon="121.040490"><ele>12.5</ele><time>2026-09-19T22:18:46.000Z</time></trkpt>
    <trkpt lat="14.671506" lon="121.040516"><ele>12.5</ele><time>2026-09-19T22:18:47.000Z</time></trkpt>
    <trkpt lat="14.671509" lon="121.040542"><ele>12.5</ele><time>2026-09-19T22:18:48.000Z</time></trkpt>
    <trkpt lat="14.671511" lon="121.040570"><ele>12.5</ele><time>2026-09-19T22:18:49.000Z</time></trkpt>
    <trkpt lat="14.671514" lon="121.040595"><ele>12.4</ele><time>2026-09-19T22:18:50.000Z</time></trkpt>
    <trkpt lat="14.671518" lon="121.040622"><ele>12.4</ele><time>2026-09-19T22:18:51.000Z</time></trkpt>
    <trkpt lat="14.671523" lon="121.040649"><ele>12.3</ele><time>2026-09-19T22:18:52.000Z</time></trkpt>
    <trkpt lat="14.671527" lon="121.040676"><ele>12.2</ele><time>2026-09-19T22:18:53.000Z</time></trkpt>
    <trkpt lat="14.671531" lon="121.040702"><ele>12.1</ele><time>2026-09-19T22:18:54.000Z</time></trkpt>
    <trkpt lat="14.671536" lon="121.040726"><ele>12.0</ele><time>2026-09-19T22:18:55.000Z</time></trkpt>
    <trkpt lat="14.671541" lon="121.040750"><ele>11.9</ele><time>2026-09-19T22:18:56.000Z</time></trkpt>
    <trkpt lat="14.671546" lon="121.040776"><ele>11.8</ele><time>2026-09-19T22:18:57.000Z</time></trkpt>
    <trkpt lat="14.671550" lon="121.040804"><ele>11.7</ele><time>2026-09-19T22:18:58.000Z</time></trkpt>
    <trkpt lat="14.671554" lon="121.040828"><ele>11.7</ele><time>2026-09-19T22:18:59.000Z</time></trkpt>
    <trkpt lat="14.674927" lon="121.060040"><ele>11.7</ele><time>2026-09-19T22:45:00.000Z</time></trkpt>
    <trkpt lat="14.674939" lon="121.060064"><ele>11.7</ele><time>2026-09-19T22:45:01.000Z</time></trkpt>
    <trkpt lat="14.674951" lon="121.060085"><ele>11.7</ele><time>2026-09-19T22:45:02.000Z</time></trkpt>
    <trkpt lat="14.674964" lon="121.060109"><ele>11.8</ele><time>2026-09-19T22:45:03.000Z</time></trkpt>
    <trkpt lat="14.674977" lon="121.060131"><ele>11.9</ele><time>2026-09-19T22:45:04.000Z</time></trkpt>
    <trkpt lat="14.674989" lon="121.060152"><ele>12.0</ele><time>2026-09-19T22:45:05.000Z</time></trkpt>
    <trkpt lat="14.675001" lon="121.060174"><ele>12.1</ele><time>2026-09-19T22:45:06.000Z</time></trkpt>
    <trkpt lat="14.675013" lon="121.060196"><ele>12.2</ele><time>2026-09-19T22:45:07.000Z</time></trkpt>
    <trkpt lat="14.675024" lon="121.060220"><ele>12.3</ele><time>2026-09-19T22:45:08.000Z</time></trkpt>
    <trkpt lat="14.675036" lon="121.060245"><ele>12.4</ele><time>2026-09-19T22:45:09.000Z</time></trkpt>
    <trkpt lat="14.675047" lon="121.060267"><ele>12.5</ele><time>2026-09-19T22:45:10.000Z</time></trkpt>
    <trkpt lat="14.675057" lon="121.060289"><ele>12.5</ele><time>2026-09-19T22:45:11.000Z</time></trkpt>
    <trkpt lat="14.675066" lon="121.060311"><ele>12.5</ele><time>2026-09-19T22:45:12.000Z</time></trkpt>
    <trkpt lat="14.675078" lon="121.060336"><ele>12.4</ele><time>2026-09-19T22:45:13.000Z</time></trkpt>
    <trkpt lat="14.675089" lon="121.060358"><ele>12.4</ele><time>2026-09-19T22:45:14.000Z</time></trkpt>
    <trkpt lat="14.675099" lon="121.060382"><ele>12.3</ele><time>2026-09-19T22:45:15.000Z</time></trkpt>
    <trkpt lat="14.675110" lon="121.060407"><ele>12.2</ele><time>2026-09-19T22:45:16.000Z</time></trkpt>
    <trkpt lat="14.675120" lon="121.060429"><ele>12.1</ele><time>2026-09-19T22:45:17.000Z</time></trkpt>
    <trkpt lat="14.675130" lon="121.060451"><ele>12.0</ele><time>2026-09-19T22:45:18.000Z</time></trkpt>
    <trkpt lat="14.675140" lon="121.060474"><ele>11.9</ele><time>2026-09-19T22:45:19.000Z</time></trkpt>
    <trkpt lat="14.675151" lon="121.060499"><ele>11.8</ele><time>2026-09-19T22:45:20.000Z</time></trkpt>
    <trkpt lat="14.675162" lon="121.060523"><ele>11.7</ele><time>2026-09-19T22:45:21.000Z</time></trkpt>
    <trkpt lat="14.675172" lon="121.060545"><ele>11.7</ele><time>2026-09-19T22:45:22.000Z</time></trkpt>
    <trkpt lat="14.675184" lon="121.060570"><ele>11.7</ele><time>2026-09-19T22:45:23.000Z</time></trkpt>
    <trkpt lat="14.675195" lon="121.060592"><ele>11.7</ele><time>2026-09-19T22:45:24.000Z</time></trkpt>
    <trkpt lat="14.675206" lon="121.060615"><ele>11.7</ele><time>2026-09-19T22:45:25.000Z</time></trkpt>
    <trkpt lat="14.675218" lon="121.060638"><ele>11.7</ele><time>2026-09-19T22:45:26.000Z</time></trkpt>
    <trkpt lat="14.675230" lon="121.060659"><ele>11.8</ele><time>2026-09-19T22:45:27.000Z</time></trkpt>
    <trkpt lat="14.675241" lon="121.060680"><ele>11.8</ele><time>2026-09-19T22:45:28.000Z</time></trkpt>
    <trkpt lat="14.675254" lon="121.060702"><ele>11.8</ele><time>2026-09-19T22:45:29.000Z</time></trkpt>
    <trkpt lat="14.675267" lon="121.060723"><ele>11.8</ele><time>2026-09-19T22:45:30.000Z</time></trkpt>
    <trkpt lat="14.675280" lon="121.060747"><ele>11.8</ele><time>2026-09-19T22:45:31.000Z</time></trkpt>
    <trkpt lat="14.675294" lon="121.060771"><ele>11.8</ele><time>2026-09-19T22:45:32.000Z</time></trkpt>
    <trkpt lat="14.675306" lon="121.060794"><ele>11.8</ele><time>2026-09-19T22:45:33.000Z</time></trkpt>
    <trkpt lat="14.675318" lon="121.060816"><ele>11.8</ele><time>2026-09-19T22:45:34.000Z</time></trkpt>
    <trkpt lat="14.675330" lon="121.060838"><ele>11.7</ele><time>2026-09-19T22:45:35.000Z</time></trkpt>
    <trkpt lat="14.675341" lon="121.060860"><ele>11.7</ele><time>2026-09-19T22:45:36.000Z</time></trkpt>
    <trkpt lat="14.675354" lon="121.060885"><ele>11.7</ele><time>2026-09-19T22:45:37.000Z</time></trkpt>
    <trkpt lat="14.675364" lon="121.060906"><ele>11.7</ele><time>2026-09-19T22:45:38.000Z</time></trkpt>
    <trkpt lat="14.675377" lon="121.060930"><ele>11.7</ele><time>2026-09-19T22:45:39.000Z</time></trkpt>
    <trkpt lat="14.675389" lon="121.060953"><ele>11.7</ele><time>2026-09-19T22:45:40.000Z</time></trkpt>
    <trkpt lat="14.675402" lon="121.060978"><ele>11.6</ele><time>2026-09-19T22:45:41.000Z</time></trkpt>
    <trkpt lat="14.675415" lon="121.061002"><ele>11.6</ele><time>2026-09-19T22:45:42.000Z</time></trkpt>
    <trkpt lat="14.675428" lon="121.061023"><ele>11.6</ele><time>2026-09-19T22:45:43.000Z</time></trkpt>
    <trkpt lat="14.675442" lon="121.061045"><ele>11.6</ele><time>2026-09-19T22:45:44.000Z</time></trkpt>
    <trkpt lat="14.675454" lon="121.061066"><ele>11.7</ele><time>2026-09-19T22:45:45.000Z</time></trkpt>
    <trkpt lat="14.675467" lon="121.061089"><ele>11.7</ele><time>2026-09-19T22:45:46.000Z</time></trkpt>
    <trkpt lat="14.675479" lon="121.061111"><ele>11.7</ele><time>2026-09-19T22:45:47.000Z</time></trkpt>
    <trkpt lat="14.675492" lon="121.061135"><ele>11.7</ele><time>2026-09-19T22:45:48.000Z</time></trkpt>
    <trkpt lat="14.675504" lon="121.061157"><ele>11.6</ele><time>2026-09-19T22:45:49.000Z</time></trkpt>
    <trkpt lat="14.675518" lon="121.061180"><ele>11.6</ele><time>2026-09-19T22:45:50.000Z</time></trkpt>
    <trkpt lat="14.675530" lon="121.061202"><ele>11.6</ele><time>2026-09-19T22:45:51.000Z</time></trkpt>
    <trkpt lat="14.675544" lon="121.061224"><ele>11.6</ele><time>2026-09-19T22:45:52.000Z</time></trkpt>
    <trkpt lat="14.675556" lon="121.061247"><ele>11.6</ele><time>2026-09-19T22:45:53.000Z</time></trkpt>
    <trkpt lat="14.675569" lon="121.061268"><ele>11.5</ele><time>2026-09-19T22:45:54.000Z</time></trkpt>
    <trkpt lat="14.675582" lon="121.061292"><ele>11.5</ele><time>2026-09-19T22:45:55.000Z</time></trkpt>
    <trkpt lat="14.675594" lon="121.061313"><ele>11.4</ele><time>2026-09-19T22:45:56.000Z</time></trkpt>
    <trkpt lat="14.675606" lon="121.061335"><ele>11.4</ele><time>2026-09-19T22:45:57.000Z</time></trkpt>
    <trkpt lat="14.675618" lon="121.061356"><ele>11.4</ele><time>2026-09-19T22:45:58.000Z</time></trkpt>
    <trkpt lat="14.675632" lon="121.061380"><ele>11.3</ele><time>2026-09-19T22:45:59.000Z</time></trkpt>
    <trkpt lat="14.675644" lon="121.061404"><ele>11.3</ele><time>2026-09-19T22:46:00.000Z</time></trkpt>
    <trkpt lat="14.675658" lon="121.061428"><ele>11.3</ele><time>2026-09-19T22:46:01.000Z</time></trkpt>
    <trkpt lat="14.675670" lon="121.061452"><ele>11.2</ele><time>2026-09-19T22:46:02.000Z</time></trkpt>
    <trkpt lat="14.675682" lon="121.061476"><ele>11.2</ele><time>2026-09-19T22:46:03.000Z</time></trkpt>
    <trkpt lat="14.675693" lon="121.061501"><ele>11.2</ele><time>2026-09-19T22:46:04.000Z</time></trkpt>
    <trkpt lat="14.675703" lon="121.061523"><ele>11.1</ele><time>2026-09-19T22:46:05.000Z</time></trkpt>
    <trkpt lat="14.675716" lon="121.061548"><ele>11.1</ele><time>2026-09-19T22:46:06.000Z</time></trkpt>
    <trkpt lat="14.675727" lon="121.061573"><ele>11.0</ele><time>2026-09-19T22:46:07.000Z</time></trkpt>
    <trkpt lat="14.675738" lon="121.061596"><ele>11.0</ele><time>2026-09-19T22:46:08.000Z</time></trkpt>
    <trkpt lat="14.675747" lon="121.061619"><ele>11.0</ele><time>2026-09-19T22:46:09.000Z</time></trkpt>
    <trkpt lat="14.675757" lon="121.061642"><ele>11.0</ele><time>2026-09-19T22:46:10.000Z</time></trkpt>
    <trkpt lat="14.675767" lon="121.061664"><ele>11.0</ele><time>2026-09-19T22:46:11.000Z</time></trkpt>
    <trkpt lat="14.675778" lon="121.061686"><ele>11.1</ele><time>2026-09-19T22:46:12.000Z</time></trkpt>
    <trkpt lat="14.675790" lon="121.061709"><ele>11.1</ele><time>2026-09-19T22:46:13.000Z</time></trkpt>
    <trkpt lat="14.675802" lon="121.061732"><ele>11.1</ele><time>2026-09-19T22:46:14.000Z</time></trkpt>
    <trkpt lat="14.675815" lon="121.061754"><ele>11.1</ele><time>2026-09-19T22:46:15.000Z</time></trkpt>
    <trkpt lat="14.675827" lon="121.061777"><ele>11.1</ele><time>2026-09-19T22:46:16.000Z</time></trkpt>
    <trkpt lat="14.675840" lon="121.061800"><ele>11.1</ele><time>2026-09-19T22:46:17.000Z</time></trkpt>
    <trkpt lat="14.675854" lon="121.061823"><ele>11.1</ele><time>2026-09-19T22:46:18.000Z</time></trkpt>
    <trkpt lat="14.675867" lon="121.061846"><ele>11.2</ele><time>2026-09-19T22:46:19.000Z</time></trkpt>
    <trkpt lat="14.675882" lon="121.061869"><ele>11.1</ele><time>2026-09-19T22:46:20.000Z</time></trkpt>
    <trkpt lat="14.675895" lon="121.061890"><ele>11.1</ele><time>2026-09-19T22:46:21.000Z</time></trkpt>
    <trkpt lat="14.675909" lon="121.061912"><ele>11.1</ele><time>2026-09-19T22:46:22.000Z</time></trkpt>
    <trkpt lat="14.675922" lon="121.061933"><ele>11.1</ele><time>2026-09-19T22:46:23.000Z</time></trkpt>
    <trkpt lat="14.675935" lon="121.061954"><ele>11.0</ele><time>2026-09-19T22:46:24.000Z</time></trkpt>
    <trkpt lat="14.675950" lon="121.061976"><ele>11.0</ele><time>2026-09-19T22:46:25.000Z</time></trkpt>
    <trkpt lat="14.675966" lon="121.061999"><ele>10.9</ele><time>2026-09-19T22:46:26.000Z</time></trkpt>
    <trkpt lat="14.675980" lon="121.062022"><ele>10.9</ele><time>2026-09-19T22:46:27.000Z</time></trkpt>
    <trkpt lat="14.675994" lon="121.062046"><ele>10.9</ele><time>2026-09-19T22:46:28.000Z</time></trkpt>
    <trkpt lat="14.676007" lon="121.062067"><ele>10.9</ele><time>2026-09-19T22:46:29.000Z</time></trkpt>
    <trkpt lat="14.676020" lon="121.062088"><ele>10.9</ele><time>2026-09-19T22:46:30.000Z</time></trkpt>
    <trkpt lat="14.676035" lon="121.062110"><ele>10.9</ele><time>2026-09-19T22:46:31.000Z</time></trkpt>
    <trkpt lat="14.676050" lon="121.062131"><ele>10.9</ele><time>2026-09-19T22:46:32.000Z</time></trkpt>
    <trkpt lat="14.676066" lon="121.062152"><ele>11.0</ele><time>2026-09-19T22:46:33.000Z</time></trkpt>
    <trkpt lat="14.676080" lon="121.062171"><ele>10.9</ele><time>2026-09-19T22:46:34.000Z</time></trkpt>
    <trkpt lat="14.676094" lon="121.062191"><ele>10.9</ele><time>2026-09-19T22:46:35.000Z</time></trkpt>
    <trkpt lat="14.676110" lon="121.062213"><ele>10.9</ele><time>2026-09-19T22:46:36.000Z</time></trkpt>
    <trkpt lat="14.676123" lon="121.062233"><ele>10.9</ele><time>2026-09-19T22:46:37.000Z</time></trkpt>
    <trkpt lat="14.676138" lon="121.062255"><ele>10.9</ele><time>2026-09-19T22:46:38.000Z</time></trkpt>
    <trkpt lat="14.676151" lon="121.062277"><ele>10.9</ele><time>2026-09-19T22:46:39.000Z</time></trkpt>
    <trkpt lat="14.676163" lon="121.062298"><ele>10.9</ele><time>2026-09-19T22:46:40.000Z</time></trkpt>
    <trkpt lat="14.676176" lon="121.062320"><ele>10.9</ele><time>2026-09-19T22:46:41.000Z</time></trkpt>
    <trkpt lat="14.676186" lon="121.062342"><ele>10.9</ele><time>2026-09-19T22:46:42.000Z</time></trkpt>
    <trkpt lat="14.676197" lon="121.062364"><ele>10.9</ele><time>2026-09-19T22:46:43.000Z</time></trkpt>
    <trkpt lat="14.676208" lon="121.062388"><ele>11.0</ele><time>2026-09-19T22:46:44.000Z</time></trkpt>
    <trkpt lat="14.676219" lon="121.062410"><ele>11.0</ele><time>2026-09-19T22:46:45.000Z</time></trkpt>
    <trkpt lat="14.676230" lon="121.062431"><ele>11.1</ele><time>2026-09-19T22:46:46.000Z</time></trkpt>
    <trkpt lat="14.676242" lon="121.062453"><ele>11.2</ele><time>2026-09-19T22:46:47.000Z</time></trkpt>
    <trkpt lat="14.676255" lon="121.062477"><ele>11.3</ele><time>2026-09-19T22:46:48.000Z</time></trkpt>
    <trkpt lat="14.676269" lon="121.062501"><ele>11.4</ele><time>2026-09-19T22:46:49.000Z</time></trkpt>
    <trkpt lat="14.676282" lon="121.062524"><ele>11.5</ele><time>2026-09-19T22:46:50.000Z</time></trkpt>
    <trkpt lat="14.676296" lon="121.062548"><ele>11.5</ele><time>2026-09-19T22:46:51.000Z</time></trkpt>
    <trkpt lat="14.676309" lon="121.062571"><ele>11.6</ele><time>2026-09-19T22:46:52.000Z</time></trkpt>
    <trkpt lat="14.676322" lon="121.062592"><ele>11.7</ele><time>2026-09-19T22:46:53.000Z</time></trkpt>
    <trkpt lat="14.676334" lon="121.062613"><ele>11.8</ele><time>2026-09-19T22:46:54.000Z</time></trkpt>
    <trkpt lat="14.676348" lon="121.062635"><ele>11.9</ele><time>2026-09-19T22:46:55.000Z</time></trkpt>
    <trkpt lat="14.676362" lon="121.062658"><ele>11.9</ele><time>2026-09-19T22:46:56.000Z</time></trkpt>
    <trkpt lat="14.676375" lon="121.062679"><ele>11.9</ele><time>2026-09-19T22:46:57.000Z</time></trkpt>
    <trkpt lat="14.676389" lon="121.062699"><ele>12.0</ele><time>2026-09-19T22:46:58.000Z</time></trkpt>
    <trkpt lat="14.676402" lon="121.062720"><ele>12.0</ele><time>2026-09-19T22:46:59.000Z</time></trkpt>
    <trkpt lat="14.676415" lon="121.062740"><ele>12.0</ele><time>2026-09-19T22:47:00.000Z</time></trkpt>
    <trkpt lat="14.676428" lon="121.062761"><ele>12.0</ele><time>2026-09-19T22:47:01.000Z</time></trkpt>
    <trkpt lat="14.676441" lon="121.062782"><ele>12.0</ele><time>2026-09-19T22:47:02.000Z</time></trkpt>
    <trkpt lat="14.676456" lon="121.062802"><ele>12.0</ele><time>2026-09-19T22:47:03.000Z</time></trkpt>
    <trkpt lat="14.676471" lon="121.062823"><ele>12.0</ele><time>2026-09-19T22:47:04.000Z</time></trkpt>
    <trkpt lat="14.676487" lon="121.062844"><ele>12.0</ele><time>2026-09-19T22:47:05.000Z</time></trkpt>
    <trkpt lat="14.676505" lon="121.062866"><ele>11.9</ele><time>2026-09-19T22:47:06.000Z</time></trkpt>
    <trkpt lat="14.676522" lon="121.062886"><ele>11.9</ele><time>2026-09-19T22:47:07.000Z</time></trkpt>
    <trkpt lat="14.676538" lon="121.062907"><ele>11.9</ele><time>2026-09-19T22:47:08.000Z</time></trkpt>
    <trkpt lat="14.676554" lon="121.062928"><ele>11.9</ele><time>2026-09-19T22:47:09.000Z</time></trkpt>
    <trkpt lat="14.676570" lon="121.062950"><ele>11.8</ele><time>2026-09-19T22:47:10.000Z</time></trkpt>
    <trkpt lat="14.676586" lon="121.062971"><ele>11.8</ele><time>2026-09-19T22:47:11.000Z</time></trkpt>
    <trkpt lat="14.676601" lon="121.062991"><ele>11.7</ele><time>2026-09-19T22:47:12.000Z</time></trkpt>
    <trkpt lat="14.676615" lon="121.063011"><ele>11.6</ele><time>2026-09-19T22:47:13.000Z</time></trkpt>
    <trkpt lat="14.676630" lon="121.063030"><ele>11.5</ele><time>2026-09-19T22:47:14.000Z</time></trkpt>
    <trkpt lat="14.676645" lon="121.063049"><ele>11.4</ele><time>2026-09-19T22:47:15.000Z</time></trkpt>
    <trkpt lat="14.676661" lon="121.063069"><ele>11.3</ele><time>2026-09-19T22:47:16.000Z</time></trkpt>
    <trkpt lat="14.676677" lon="121.063087"><ele>11.2</ele><time>2026-09-19T22:47:17.000Z</time></trkpt>
    <trkpt lat="14.676694" lon="121.063108"><ele>11.2</ele><time>2026-09-19T22:47:18.000Z</time></trkpt>
    <trkpt lat="14.676710" lon="121.063128"><ele>11.1</ele><time>2026-09-19T22:47:19.000Z</time></trkpt>
    <trkpt lat="14.676726" lon="121.063147"><ele>11.1</ele><time>2026-09-19T22:47:20.000Z</time></trkpt>
    <trkpt lat="14.676743" lon="121.063168"><ele>11.0</ele><time>2026-09-19T22:47:21.000Z</time></trkpt>
    <trkpt lat="14.676759" lon="121.063188"><ele>11.1</ele><time>2026-09-19T22:47:22.000Z</time></trkpt>
    <trkpt lat="14.676775" lon="121.063210"><ele>11.1</ele><time>2026-09-19T22:47:23.000Z</time></trkpt>
    <trkpt lat="14.676789" lon="121.063230"><ele>11.2</ele><time>2026-09-19T22:47:24.000Z</time></trkpt>
    <trkpt lat="14.676803" lon="121.063249"><ele>11.2</ele><time>2026-09-19T22:47:25.000Z</time></trkpt>
    <trkpt lat="14.676817" lon="121.063269"><ele>11.2</ele><time>2026-09-19T22:47:26.000Z</time></trkpt>
    <trkpt lat="14.676832" lon="121.063288"><ele>11.2</ele><time>2026-09-19T22:47:27.000Z</time></trkpt>
    <trkpt lat="14.676847" lon="121.063307"><ele>11.3</ele><time>2026-09-19T22:47:28.000Z</time></trkpt>
    <trkpt lat="14.676863" lon="121.063326"><ele>11.4</ele><time>2026-09-19T22:47:29.000Z</time></trkpt>
    <trkpt lat="14.676879" lon="121.063345"><ele>11.5</ele><time>2026-09-19T22:47:30.000Z</time></trkpt>
    <trkpt lat="14.676895" lon="121.063366"><ele>11.5</ele><time>2026-09-19T22:47:31.000Z</time></trkpt>
    <trkpt lat="14.676912" lon="121.063386"><ele>11.5</ele><time>2026-09-19T22:47:32.000Z</time></trkpt>
    <trkpt lat="14.676928" lon="121.063407"><ele>11.5</ele><time>2026-09-19T22:47:33.000Z</time></trkpt>
    <trkpt lat="14.676944" lon="121.063425"><ele>11.5</ele><time>2026-09-19T22:47:34.000Z</time></trkpt>
    <trkpt lat="14.676960" lon="121.063445"><ele>11.4</ele><time>2026-09-19T22:47:35.000Z</time></trkpt>
    <trkpt lat="14.676976" lon="121.063465"><ele>11.4</ele><time>2026-09-19T22:47:36.000Z</time></trkpt>
    <trkpt lat="14.676993" lon="121.063485"><ele>11.4</ele><time>2026-09-19T22:47:37.000Z</time></trkpt>
    <trkpt lat="14.677010" lon="121.063505"><ele>11.4</ele><time>2026-09-19T22:47:38.000Z</time></trkpt>
    <trkpt lat="14.677026" lon="121.063524"><ele>11.4</ele><time>2026-09-19T22:47:39.000Z</time></trkpt>
    <trkpt lat="14.677042" lon="121.063544"><ele>11.3</ele><time>2026-09-19T22:47:40.000Z</time></trkpt>
    <trkpt lat="14.677057" lon="121.063563"><ele>11.3</ele><time>2026-09-19T22:47:41.000Z</time></trkpt>
    <trkpt lat="14.677075" lon="121.063583"><ele>11.3</ele><time>2026-09-19T22:47:42.000Z</time></trkpt>
    <trkpt lat="14.677091" lon="121.063604"><ele>11.3</ele><time>2026-09-19T22:47:43.000Z</time></trkpt>
    <trkpt lat="14.677107" lon="121.063623"><ele>11.3</ele><time>2026-09-19T22:47:44.000Z</time></trkpt>
    <trkpt lat="14.677124" lon="121.063642"><ele>11.3</ele><time>2026-09-19T22:47:45.000Z</time></trkpt>
    <trkpt lat="14.677140" lon="121.063663"><ele>11.4</ele><time>2026-09-19T22:47:46.000Z</time></trkpt>
    <trkpt lat="14.677155" lon="121.063681"><ele>11.4</ele><time>2026-09-19T22:47:47.000Z</time></trkpt>
    <trkpt lat="14.677171" lon="121.063700"><ele>11.4</ele><time>2026-09-19T22:47:48.000Z</time></trkpt>
    <trkpt lat="14.677187" lon="121.063718"><ele>11.5</ele><time>2026-09-19T22:47:49.000Z</time></trkpt>
    <trkpt lat="14.677205" lon="121.063737"><ele>11.5</ele><time>2026-09-19T22:47:50.000Z</time></trkpt>
    <trkpt lat="14.677222" lon="121.063754"><ele>11.6</ele><time>2026-09-19T22:47:51.000Z</time></trkpt>
    <trkpt lat="14.677241" lon="121.063773"><ele>11.6</ele><time>2026-09-19T22:47:52.000Z</time></trkpt>
    <trkpt lat="14.677257" lon="121.063791"><ele>11.6</ele><time>2026-09-19T22:47:53.000Z</time></trkpt>
    <trkpt lat="14.677275" lon="121.063810"><ele>11.7</ele><time>2026-09-19T22:47:54.000Z</time></trkpt>
    <trkpt lat="14.677291" lon="121.063828"><ele>11.7</ele><time>2026-09-19T22:47:55.000Z</time></trkpt>
    <trkpt lat="14.677308" lon="121.063848"><ele>11.7</ele><time>2026-09-19T22:47:56.000Z</time></trkpt>
    <trkpt lat="14.677325" lon="121.063869"><ele>11.7</ele><time>2026-09-19T22:47:57.000Z</time></trkpt>
    <trkpt lat="14.677341" lon="121.063888"><ele>11.7</ele><time>2026-09-19T22:47:58.000Z</time></trkpt>
    <trkpt lat="14.677359" lon="121.063908"><ele>11.6</ele><time>2026-09-19T22:47:59.000Z</time></trkpt>
    <trkpt lat="14.677375" lon="121.063925"><ele>11.6</ele><time>2026-09-19T22:48:00.000Z</time></trkpt>
    <trkpt lat="14.677393" lon="121.063946"><ele>11.5</ele><time>2026-09-19T22:48:01.000Z</time></trkpt>
    <trkpt lat="14.677412" lon="121.063965"><ele>11.4</ele><time>2026-09-19T22:48:02.000Z</time></trkpt>
    <trkpt lat="14.677431" lon="121.063984"><ele>11.3</ele><time>2026-09-19T22:48:03.000Z</time></trkpt>
    <trkpt lat="14.677448" lon="121.063999"><ele>11.3</ele><time>2026-09-19T22:48:04.000Z</time></trkpt>
    <trkpt lat="14.677466" lon="121.064015"><ele>11.2</ele><time>2026-09-19T22:48:05.000Z</time></trkpt>
    <trkpt lat="14.677486" lon="121.064034"><ele>11.1</ele><time>2026-09-19T22:48:06.000Z</time></trkpt>
    <trkpt lat="14.677505" lon="121.064052"><ele>11.0</ele><time>2026-09-19T22:48:07.000Z</time></trkpt>
    <trkpt lat="14.677524" lon="121.064071"><ele>11.0</ele><time>2026-09-19T22:48:08.000Z</time></trkpt>
    <trkpt lat="14.677542" lon="121.064090"><ele>10.9</ele><time>2026-09-19T22:48:09.000Z</time></trkpt>
    <trkpt lat="14.677560" lon="121.064108"><ele>10.9</ele><time>2026-09-19T22:48:10.000Z</time></trkpt>
    <trkpt lat="14.677579" lon="121.064127"><ele>10.8</ele><time>2026-09-19T22:48:11.000Z</time></trkpt>
    <trkpt lat="14.677598" lon="121.064145"><ele>10.7</ele><time>2026-09-19T22:48:12.000Z</time></trkpt>
    <trkpt lat="14.677615" lon="121.064165"><ele>10.7</ele><time>2026-09-19T22:48:13.000Z</time></trkpt>
    <trkpt lat="14.677633" lon="121.064185"><ele>10.7</ele><time>2026-09-19T22:48:14.000Z</time></trkpt>
    <trkpt lat="14.677650" lon="121.064204"><ele>10.6</ele><time>2026-09-19T22:48:15.000Z</time></trkpt>
    <trkpt lat="14.677667" lon="121.064224"><ele>10.6</ele><time>2026-09-19T22:48:16.000Z</time></trkpt>
    <trkpt lat="14.677684" lon="121.064245"><ele>10.6</ele><time>2026-09-19T22:48:17.000Z</time></trkpt>
    <trkpt lat="14.677698" lon="121.064265"><ele>10.7</ele><time>2026-09-19T22:48:18.000Z</time></trkpt>
    <trkpt lat="14.677712" lon="121.064285"><ele>10.7</ele><time>2026-09-19T22:48:19.000Z</time></trkpt>
    <trkpt lat="14.677727" lon="121.064306"><ele>10.7</ele><time>2026-09-19T22:48:20.000Z</time></trkpt>
    <trkpt lat="14.677740" lon="121.064326"><ele>10.8</ele><time>2026-09-19T22:48:21.000Z</time></trkpt>
    <trkpt lat="14.677755" lon="121.064349"><ele>10.8</ele><time>2026-09-19T22:48:22.000Z</time></trkpt>
    <trkpt lat="14.677770" lon="121.064372"><ele>10.8</ele><time>2026-09-19T22:48:23.000Z</time></trkpt>
    <trkpt lat="14.677784" lon="121.064394"><ele>10.9</ele><time>2026-09-19T22:48:24.000Z</time></trkpt>
    <trkpt lat="14.677798" lon="121.064415"><ele>10.9</ele><time>2026-09-19T22:48:25.000Z</time></trkpt>
    <trkpt lat="14.677812" lon="121.064435"><ele>11.0</ele><time>2026-09-19T22:48:26.000Z</time></trkpt>
    <trkpt lat="14.677827" lon="121.064455"><ele>11.0</ele><time>2026-09-19T22:48:27.000Z</time></trkpt>
    <trkpt lat="14.677840" lon="121.064476"><ele>11.0</ele><time>2026-09-19T22:48:28.000Z</time></trkpt>
    <trkpt lat="14.677856" lon="121.064497"><ele>11.0</ele><time>2026-09-19T22:48:29.000Z</time></trkpt>
    <trkpt lat="14.677871" lon="121.064519"><ele>11.0</ele><time>2026-09-19T22:48:30.000Z</time></trkpt>
    <trkpt lat="14.677885" lon="121.064541"><ele>11.0</ele><time>2026-09-19T22:48:31.000Z</time></trkpt>
    <trkpt lat="14.677898" lon="121.064561"><ele>10.9</ele><time>2026-09-19T22:48:32.000Z</time></trkpt>
    <trkpt lat="14.677913" lon="121.064582"><ele>10.8</ele><time>2026-09-19T22:48:33.000Z</time></trkpt>
    <trkpt lat="14.677927" lon="121.064605"><ele>10.7</ele><time>2026-09-19T22:48:34.000Z</time></trkpt>
    <trkpt lat="14.677940" lon="121.064625"><ele>10.6</ele><time>2026-09-19T22:48:35.000Z</time></trkpt>
    <trkpt lat="14.677953" lon="121.064645"><ele>10.5</ele><time>2026-09-19T22:48:36.000Z</time></trkpt>
    <trkpt lat="14.677968" lon="121.064669"><ele>10.4</ele><time>2026-09-19T22:48:37.000Z</time></trkpt>
    <trkpt lat="14.677982" lon="121.064691"><ele>10.3</ele><time>2026-09-19T22:48:38.000Z</time></trkpt>
    <trkpt lat="14.677995" lon="121.064716"><ele>10.3</ele><time>2026-09-19T22:48:39.000Z</time></trkpt>
    <trkpt lat="14.678008" lon="121.064738"><ele>10.2</ele><time>2026-09-19T22:48:40.000Z</time></trkpt>
    <trkpt lat="14.678022" lon="121.064761"><ele>10.2</ele><time>2026-09-19T22:48:41.000Z</time></trkpt>
    <trkpt lat="14.678036" lon="121.064784"><ele>10.1</ele><time>2026-09-19T22:48:42.000Z</time></trkpt>
    <trkpt lat="14.678050" lon="121.064807"><ele>10.1</ele><time>2026-09-19T22:48:43.000Z</time></trkpt>
    <trkpt lat="14.678064" lon="121.064829"><ele>10.0</ele><time>2026-09-19T22:48:44.000Z</time></trkpt>
    <trkpt lat="14.678078" lon="121.064850"><ele>9.9</ele><time>2026-09-19T22:48:45.000Z</time></trkpt>
    <trkpt lat="14.678092" lon="121.064871"><ele>9.8</ele><time>2026-09-19T22:48:46.000Z</time></trkpt>
    <trkpt lat="14.678107" lon="121.064892"><ele>9.7</ele><time>2026-09-19T22:48:47.000Z</time></trkpt>
    <trkpt lat="14.678122" lon="121.064913"><ele>9.6</ele><time>2026-09-19T22:48:48.000Z</time></trkpt>
    <trkpt lat="14.678139" lon="121.064933"><ele>9.5</ele><time>2026-09-19T22:48:49.000Z</time></trkpt>
    <trkpt lat="14.678155" lon="121.064952"><ele>9.4</ele><time>2026-09-19T22:48:50.000Z</time></trkpt>
    <trkpt lat="14.678171" lon="121.064971"><ele>9.4</ele><time>2026-09-19T22:48:51.000Z</time></trkpt>
    <trkpt lat="14.678188" lon="121.064990"><ele>9.3</ele><time>2026-09-19T22:48:52.000Z</time></trkpt>
    <trkpt lat="14.678203" lon="121.065008"><ele>9.3</ele><time>2026-09-19T22:48:53.000Z</time></trkpt>
    <trkpt lat="14.678219" lon="121.065027"><ele>9.2</ele><time>2026-09-19T22:48:54.000Z</time></trkpt>
    <trkpt lat="14.678235" lon="121.065044"><ele>9.1</ele><time>2026-09-19T22:48:55.000Z</time></trkpt>
    <trkpt lat="14.678253" lon="121.065064"><ele>9.1</ele><time>2026-09-19T22:48:56.000Z</time></trkpt>
    <trkpt lat="14.678271" lon="121.065084"><ele>9.1</ele><time>2026-09-19T22:48:57.000Z</time></trkpt>
    <trkpt lat="14.678290" lon="121.065102"><ele>9.1</ele><time>2026-09-19T22:48:58.000Z</time></trkpt>
    <trkpt lat="14.678307" lon="121.065121"><ele>9.1</ele><time>2026-09-19T22:48:59.000Z</time></trkpt>
    <trkpt lat="14.678324" lon="121.065138"><ele>9.0</ele><time>2026-09-19T22:49:00.000Z</time></trkpt>
    <trkpt lat="14.678342" lon="121.065157"><ele>9.0</ele><time>2026-09-19T22:49:01.000Z</time></trkpt>
    <trkpt lat="14.678361" lon="121.065175"><ele>9.0</ele><time>2026-09-19T22:49:02.000Z</time></trkpt>
    <trkpt lat="14.678381" lon="121.065194"><ele>9.0</ele><time>2026-09-19T22:49:03.000Z</time></trkpt>
    <trkpt lat="14.678399" lon="121.065211"><ele>9.0</ele><time>2026-09-19T22:49:04.000Z</time></trkpt>
    <trkpt lat="14.678416" lon="121.065228"><ele>9.0</ele><time>2026-09-19T22:49:05.000Z</time></trkpt>
    <trkpt lat="14.678434" lon="121.065244"><ele>9.0</ele><time>2026-09-19T22:49:06.000Z</time></trkpt>
    <trkpt lat="14.678454" lon="121.065263"><ele>9.1</ele><time>2026-09-19T22:49:07.000Z</time></trkpt>
    <trkpt lat="14.678473" lon="121.065281"><ele>9.1</ele><time>2026-09-19T22:49:08.000Z</time></trkpt>
    <trkpt lat="14.678492" lon="121.065297"><ele>9.2</ele><time>2026-09-19T22:49:09.000Z</time></trkpt>
    <trkpt lat="14.678510" lon="121.065314"><ele>9.2</ele><time>2026-09-19T22:49:10.000Z</time></trkpt>
    <trkpt lat="14.678530" lon="121.065333"><ele>9.3</ele><time>2026-09-19T22:49:11.000Z</time></trkpt>
    <trkpt lat="14.678549" lon="121.065350"><ele>9.4</ele><time>2026-09-19T22:49:12.000Z</time></trkpt>
    <trkpt lat="14.678568" lon="121.065369"><ele>9.4</ele><time>2026-09-19T22:49:13.000Z</time></trkpt>
    <trkpt lat="14.678584" lon="121.065386"><ele>9.5</ele><time>2026-09-19T22:49:14.000Z</time></trkpt>
    <trkpt lat="14.678603" lon="121.065406"><ele>9.6</ele><time>2026-09-19T22:49:15.000Z</time></trkpt>
    <trkpt lat="14.678619" lon="121.065424"><ele>9.7</ele><time>2026-09-19T22:49:16.000Z</time></trkpt>
    <trkpt lat="14.678635" lon="121.065443"><ele>9.8</ele><time>2026-09-19T22:49:17.000Z</time></trkpt>
    <trkpt lat="14.678651" lon="121.065461"><ele>9.9</ele><time>2026-09-19T22:49:18.000Z</time></trkpt>
    <trkpt lat="14.678668" lon="121.065478"><ele>10.0</ele><time>2026-09-19T22:49:19.000Z</time></trkpt>
    <trkpt lat="14.678685" lon="121.065495"><ele>10.0</ele><time>2026-09-19T22:49:20.000Z</time></trkpt>
    <trkpt lat="14.678705" lon="121.065514"><ele>10.0</ele><time>2026-09-19T22:49:21.000Z</time></trkpt>
    <trkpt lat="14.678723" lon="121.065535"><ele>10.1</ele><time>2026-09-19T22:49:22.000Z</time></trkpt>
    <trkpt lat="14.678740" lon="121.065553"><ele>10.1</ele><time>2026-09-19T22:49:23.000Z</time></trkpt>
    <trkpt lat="14.678757" lon="121.065573"><ele>10.2</ele><time>2026-09-19T22:49:24.000Z</time></trkpt>
    <trkpt lat="14.678773" lon="121.065591"><ele>10.2</ele><time>2026-09-19T22:49:25.000Z</time></trkpt>
    <trkpt lat="14.678790" lon="121.065610"><ele>10.2</ele><time>2026-09-19T22:49:26.000Z</time></trkpt>
    <trkpt lat="14.678807" lon="121.065628"><ele>10.2</ele><time>2026-09-19T22:49:27.000Z</time></trkpt>
    <trkpt lat="14.678823" lon="121.065647"><ele>10.2</ele><time>2026-09-19T22:49:28.000Z</time></trkpt>
    <trkpt lat="14.678840" lon="121.065668"><ele>10.2</ele><time>2026-09-19T22:49:29.000Z</time></trkpt>
    <trkpt lat="14.678857" lon="121.065687"><ele>10.3</ele><time>2026-09-19T22:49:30.000Z</time></trkpt>
    <trkpt lat="14.678873" lon="121.065707"><ele>10.3</ele><time>2026-09-19T22:49:31.000Z</time></trkpt>
    <trkpt lat="14.678889" lon="121.065727"><ele>10.4</ele><time>2026-09-19T22:49:32.000Z</time></trkpt>
    <trkpt lat="14.678905" lon="121.065747"><ele>10.5</ele><time>2026-09-19T22:49:33.000Z</time></trkpt>
    <trkpt lat="14.678921" lon="121.065767"><ele>10.5</ele><time>2026-09-19T22:49:34.000Z</time></trkpt>
    <trkpt lat="14.678937" lon="121.065787"><ele>10.6</ele><time>2026-09-19T22:49:35.000Z</time></trkpt>
    <trkpt lat="14.678953" lon="121.065809"><ele>10.7</ele><time>2026-09-19T22:49:36.000Z</time></trkpt>
    <trkpt lat="14.678969" lon="121.065830"><ele>10.8</ele><time>2026-09-19T22:49:37.000Z</time></trkpt>
    <trkpt lat="14.678983" lon="121.065849"><ele>10.9</ele><time>2026-09-19T22:49:38.000Z</time></trkpt>
    <trkpt lat="14.678998" lon="121.065868"><ele>10.9</ele><time>2026-09-19T22:49:39.000Z</time></trkpt>
    <trkpt lat="14.679012" lon="121.065888"><ele>10.9</ele><time>2026-09-19T22:49:40.000Z</time></trkpt>
    <trkpt lat="14.679026" lon="121.065909"><ele>10.9</ele><time>2026-09-19T22:49:41.000Z</time></trkpt>
    <trkpt lat="14.679041" lon="121.065930"><ele>10.8</ele><time>2026-09-19T22:49:42.000Z</time></trkpt>
    <trkpt lat="14.679055" lon="121.065951"><ele>10.9</ele><time>2026-09-19T22:49:43.000Z</time></trkpt>
    <trkpt lat="14.679069" lon="121.065973"><ele>10.9</ele><time>2026-09-19T22:49:44.000Z</time></trkpt>
    <trkpt lat="14.679083" lon="121.065993"><ele>10.9</ele><time>2026-09-19T22:49:45.000Z</time></trkpt>
    <trkpt lat="14.679099" lon="121.066015"><ele>10.9</ele><time>2026-09-19T22:49:46.000Z</time></trkpt>
    <trkpt lat="14.679113" lon="121.066035"><ele>10.9</ele><time>2026-09-19T22:49:47.000Z</time></trkpt>
    <trkpt lat="14.679126" lon="121.066054"><ele>10.8</ele><time>2026-09-19T22:49:48.000Z</time></trkpt>
    <trkpt lat="14.679141" lon="121.066076"><ele>10.8</ele><time>2026-09-19T22:49:49.000Z</time></trkpt>
    <trkpt lat="14.679155" lon="121.066098"><ele>10.7</ele><time>2026-09-19T22:49:50.000Z</time></trkpt>
    <trkpt lat="14.679170" lon="121.066121"><ele>10.7</ele><time>2026-09-19T22:49:51.000Z</time></trkpt>
    <trkpt lat="14.679184" lon="121.066143"><ele>10.7</ele><time>2026-09-19T22:49:52.000Z</time></trkpt>
    <trkpt lat="14.679198" lon="121.066163"><ele>10.7</ele><time>2026-09-19T22:49:53.000Z</time></trkpt>
    <trkpt lat="14.679214" lon="121.066185"><ele>10.7</ele><time>2026-09-19T22:49:54.000Z</time></trkpt>
    <trkpt lat="14.679230" lon="121.066205"><ele>10.7</ele><time>2026-09-19T22:49:55.000Z</time></trkpt>
    <trkpt lat="14.679245" lon="121.066225"><ele>10.7</ele><time>2026-09-19T22:49:56.000Z</time></trkpt>
    <trkpt lat="14.679261" lon="121.066247"><ele>10.7</ele><time>2026-09-19T22:49:57.000Z</time></trkpt>
    <trkpt lat="14.679276" lon="121.066269"><ele>10.6</ele><time>2026-09-19T22:49:58.000Z</time></trkpt>
    <trkpt lat="14.679292" lon="121.066291"><ele>10.6</ele><time>2026-09-19T22:49:59.000Z</time></trkpt>
    <trkpt lat="14.679307" lon="121.066314"><ele>10.7</ele><time>2026-09-19T22:50:00.000Z</time></trkpt>
    <trkpt lat="14.679322" lon="121.066335"><ele>10.7</ele><time>2026-09-19T22:50:01.000Z</time></trkpt>
    <trkpt lat="14.679336" lon="121.066356"><ele>10.7</ele><time>2026-09-19T22:50:02.000Z</time></trkpt>
    <trkpt lat="14.679350" lon="121.066376"><ele>10.7</ele><time>2026-09-19T22:50:03.000Z</time></trkpt>
    <trkpt lat="14.679365" lon="121.066398"><ele>10.7</ele><time>2026-09-19T22:50:04.000Z</time></trkpt>
    <trkpt lat="14.679379" lon="121.066418"><ele>10.7</ele><time>2026-09-19T22:50:05.000Z</time></trkpt>
    <trkpt lat="14.679393" lon="121.066438"><ele>10.7</ele><time>2026-09-19T22:50:06.000Z</time></trkpt>
    <trkpt lat="14.679406" lon="121.066458"><ele>10.7</ele><time>2026-09-19T22:50:07.000Z</time></trkpt>
    <trkpt lat="14.679421" lon="121.066478"><ele>10.7</ele><time>2026-09-19T22:50:08.000Z</time></trkpt>
    <trkpt lat="14.679437" lon="121.066499"><ele>10.7</ele><time>2026-09-19T22:50:09.000Z</time></trkpt>
    <trkpt lat="14.679453" lon="121.066520"><ele>10.7</ele><time>2026-09-19T22:50:10.000Z</time></trkpt>
    <trkpt lat="14.679469" lon="121.066540"><ele>10.8</ele><time>2026-09-19T22:50:11.000Z</time></trkpt>
    <trkpt lat="14.679486" lon="121.066561"><ele>10.8</ele><time>2026-09-19T22:50:12.000Z</time></trkpt>
    <trkpt lat="14.679500" lon="121.066580"><ele>10.8</ele><time>2026-09-19T22:50:13.000Z</time></trkpt>
    <trkpt lat="14.679516" lon="121.066601"><ele>10.9</ele><time>2026-09-19T22:50:14.000Z</time></trkpt>
    <trkpt lat="14.679533" lon="121.066621"><ele>10.9</ele><time>2026-09-19T22:50:15.000Z</time></trkpt>
    <trkpt lat="14.679550" lon="121.066642"><ele>10.9</ele><time>2026-09-19T22:50:16.000Z</time></trkpt>
    <trkpt lat="14.679565" lon="121.066661"><ele>10.9</ele><time>2026-09-19T22:50:17.000Z</time></trkpt>
    <trkpt lat="14.679582" lon="121.066682"><ele>10.9</ele><time>2026-09-19T22:50:18.000Z</time></trkpt>
    <trkpt lat="14.679599" lon="121.066704"><ele>11.0</ele><time>2026-09-19T22:50:19.000Z</time></trkpt>
    <trkpt lat="14.679615" lon="121.066723"><ele>11.0</ele><time>2026-09-19T22:50:20.000Z</time></trkpt>
    <trkpt lat="14.679632" lon="121.066744"><ele>11.0</ele><time>2026-09-19T22:50:21.000Z</time></trkpt>
    <trkpt lat="14.679646" lon="121.066763"><ele>11.1</ele><time>2026-09-19T22:50:22.000Z</time></trkpt>
    <trkpt lat="14.679663" lon="121.066783"><ele>11.1</ele><time>2026-09-19T22:50:23.000Z</time></trkpt>
    <trkpt lat="14.679679" lon="121.066801"><ele>11.1</ele><time>2026-09-19T22:50:24.000Z</time></trkpt>
    <trkpt lat="14.679695" lon="121.066819"><ele>11.2</ele><time>2026-09-19T22:50:25.000Z</time></trkpt>
    <trkpt lat="14.679712" lon="121.066839"><ele>11.2</ele><time>2026-09-19T22:50:26.000Z</time></trkpt>
    <trkpt lat="14.679730" lon="121.066860"><ele>11.3</ele><time>2026-09-19T22:50:27.000Z</time></trkpt>
    <trkpt lat="14.679749" lon="121.066879"><ele>11.3</ele><time>2026-09-19T22:50:28.000Z</time></trkpt>
    <trkpt lat="14.679766" lon="121.066897"><ele>11.4</ele><time>2026-09-19T22:50:29.000Z</time></trkpt>
    <trkpt lat="14.679783" lon="121.066913"><ele>11.5</ele><time>2026-09-19T22:50:30.000Z</time></trkpt>
    <trkpt lat="14.679801" lon="121.066932"><ele>11.6</ele><time>2026-09-19T22:50:31.000Z</time></trkpt>
    <trkpt lat="14.679821" lon="121.066951"><ele>11.8</ele><time>2026-09-19T22:50:32.000Z</time></trkpt>
    <trkpt lat="14.679840" lon="121.066969"><ele>11.9</ele><time>2026-09-19T22:50:33.000Z</time></trkpt>
    <trkpt lat="14.679859" lon="121.066985"><ele>11.9</ele><time>2026-09-19T22:50:34.000Z</time></trkpt>
    <trkpt lat="14.679879" lon="121.067002"><ele>12.0</ele><time>2026-09-19T22:50:35.000Z</time></trkpt>
    <trkpt lat="14.679900" lon="121.067018"><ele>12.0</ele><time>2026-09-19T22:50:36.000Z</time></trkpt>
    <trkpt lat="14.679920" lon="121.067034"><ele>12.0</ele><time>2026-09-19T22:50:37.000Z</time></trkpt>
    <trkpt lat="14.679940" lon="121.067050"><ele>12.0</ele><time>2026-09-19T22:50:38.000Z</time></trkpt>
    <trkpt lat="14.679962" lon="121.067066"><ele>11.9</ele><time>2026-09-19T22:50:39.000Z</time></trkpt>
    <trkpt lat="14.679983" lon="121.067081"><ele>11.9</ele><time>2026-09-19T22:50:40.000Z</time></trkpt>
    <trkpt lat="14.680005" lon="121.067095"><ele>11.9</ele><time>2026-09-19T22:50:41.000Z</time></trkpt>
    <trkpt lat="14.680025" lon="121.067108"><ele>11.9</ele><time>2026-09-19T22:50:42.000Z</time></trkpt>
    <trkpt lat="14.680047" lon="121.067122"><ele>11.9</ele><time>2026-09-19T22:50:43.000Z</time></trkpt>
    <trkpt lat="14.680068" lon="121.067136"><ele>11.9</ele><time>2026-09-19T22:50:44.000Z</time></trkpt>
    <trkpt lat="14.680090" lon="121.067152"><ele>11.9</ele><time>2026-09-19T22:50:45.000Z</time></trkpt>
    <trkpt lat="14.680110" lon="121.067166"><ele>11.9</ele><time>2026-09-19T22:50:46.000Z</time></trkpt>
    <trkpt lat="14.680131" lon="121.067180"><ele>11.9</ele><time>2026-09-19T22:50:47.000Z</time></trkpt>
    <trkpt lat="14.680154" lon="121.067196"><ele>11.9</ele><time>2026-09-19T22:50:48.000Z</time></trkpt>
    <trkpt lat="14.680174" lon="121.067210"><ele>11.9</ele><time>2026-09-19T22:50:49.000Z</time></trkpt>
    <trkpt lat="14.680193" lon="121.067225"><ele>11.8</ele><time>2026-09-19T22:50:50.000Z</time></trkpt>
    <trkpt lat="14.680214" lon="121.067240"><ele>11.8</ele><time>2026-09-19T22:50:51.000Z</time></trkpt>
    <trkpt lat="14.680234" lon="121.067255"><ele>11.8</ele><time>2026-09-19T22:50:52.000Z</time></trkpt>
    <trkpt lat="14.680254" lon="121.067269"><ele>11.8</ele><time>2026-09-19T22:50:53.000Z</time></trkpt>
    <trkpt lat="14.680276" lon="121.067282"><ele>11.9</ele><time>2026-09-19T22:50:54.000Z</time></trkpt>
    <trkpt lat="14.680297" lon="121.067296"><ele>12.0</ele><time>2026-09-19T22:50:55.000Z</time></trkpt>
    <trkpt lat="14.680316" lon="121.067310"><ele>12.0</ele><time>2026-09-19T22:50:56.000Z</time></trkpt>
    <trkpt lat="14.680336" lon="121.067323"><ele>12.1</ele><time>2026-09-19T22:50:57.000Z</time></trkpt>
    <trkpt lat="14.680355" lon="121.067336"><ele>12.1</ele><time>2026-09-19T22:50:58.000Z</time></trkpt>
    <trkpt lat="14.680376" lon="121.067352"><ele>12.1</ele><time>2026-09-19T22:50:59.000Z</time></trkpt>
    </trkseg>
  </trk>
</gpx>
